sitename,latitude,longitude,address1,address2,city,country,product_type,production_processes,male_worker_percent,female_worker_percent,workers_committee_or_union,total_workers,exported_from
ZHEJIANG SHENGLI PLASTIC CO LTD,25.20178395,117.9520405,No.898,Huangjiao Road,Zhejiang,China,General Merchandise,Main production Site,43%,57%,Yes,447,Shanghai
Guangdong Guanghaida Industrial Co Ltd,25.09017922,119.3983531,No. 8 Panlong Street,"Baida Industrial Zone, Baigo Dongguan",[blank],China,General Merchandise,Main production Site,58%,42%,Yes,181,Shanghai
Bonanza Metalware Limited,24.31607429,118.5721317,No.28,Baoyuan Road,Jiangmen,China,General Merchandise,Main production Site,50%,50%,Yes,171,Shanghai
ACS Textiles (Bangladesh) Ltd,1,1,Tetlabo,Rupganj,Narayanganj,Bangladesh,General Merchandise,Main production Site,68%,32%,Yes,5443,[blank]
Türkiye Sise ve Cam Fabrikalari A.S. Sisecam,1,1,[blank],BOLGESI15 CADDE,ESKISEHIR,Turkey,General Merchandise,Main production Site,95%,5%,No,1438,[blank]
Zakaria Shahid Industries,1,1,SHAHDIDABAD,NEAR GAGAN BRIDGE,"MORADABAD,",India,General Merchandise,Main production Site,96%,4%,Yes,479,[blank]
Türkiye Sise ve Cam Fabrikalari A.S. Sisecam,1,1,[blank],MEVKIMURATLI YOLU,KIRKLARELI,Turkey,General Merchandise,Main production Site,97%,3%,No,1275,[blank]
MATCERAMICA,1,1,Rua da Cerâmica,nº245,Mamede,Portugal,General Merchandise,Main production Site,28%,72%,No,246,[blank]
Animal Magic Asia Ltd.,24.11994364,119.1018151,No. 50 ,"Weijian Road, Fei''eling, Shangyuan Village, ChashanDongguan Town",Dongguan,China,General Merchandise,Main production Site,26%,74%,Yes,223,Shanghai
Mac Carpets,1,1,10th City of Ramadan,Zones B1 & B3,Cairo,Egypt,General Merchandise,Main production Site,100%,0%,Yes,3000,[blank]
Zhongshan South Star Arts & Crafts,24.72809929,118.8795474,[blank],[blank],Zhongshan,China,General Merchandise,Main production Site,51%,49%,Yes,150,Shanghai
"Manufacturing Co.,Ltd",24.48186343,118.8982885,No.7,ShunyeRoad,Zhongshan,China,General Merchandise,Main production Site,51%,49%,Yes,150,Shanghai
"Anshan Green Apple Stationery Co., Ltd. No. 5",24.653213,119.1998544,[blank],Yongning Road,Liaoning,China,General Merchandise,Main production Site,31%,69%,Yes,72,Shanghai
Thunder Silk Flower Factory,24.93562365,118.2727858,Peng Wu Village,Dongkeng Town,Dongguan,China,General Merchandise,Main production Site,50%,50%,Yes,96,Shanghai
Dongguan Chuan Sen Art&Design Factory,24.90622897,117.9641218,Lian Xing Ind. Park,Jiu Wei,Guangzhou,China,General Merchandise,Main production Site,45%,55%,Yes,22,Shanghai
"Qingdao Kingking Applied Chemistry Co., Ltd Environmental Industry Park,Jimo City,",24.57957184,118.4244375,[blank],[blank],Qingdao,China,General Merchandise,Main production Site,64%,36%,Yes,481,Shanghai
Stoneman Crafts India (Pvt.) Ltd.,1,1,A-24 & 25,EPIP,Agra,India,General Merchandise,Main production Site,92%,8%,Yes,845,[blank]
Atlas Exports Enterprises,1,1,29-J Pugalur Road,Pugalur Road,Karur,India,General Merchandise,Main production Site,56%,44%,Yes,498,[blank]
"Atlas Export Enterprises - Weaving Division A3 & A4 S. F. No. 128, 130,132 & 135, Karur Textile Park Karur India GM",1,1,[blank],[blank],[blank],India,General Merchandise,Main production Site,48%,52%,Yes,2289,[blank]
PASABAHCE BULGARIA EAD,1,1,District “Vabel”,Industrial Area,TARGOVISHTE,Bulgaria,General Merchandise,Main production Site,52%,48%,Yes,1620,[blank]
Dongguan Beaver Plastic & Metal Products,25.29311323,118.4792611,"1st & 2nd Building, no. 78Li Xiang Xi Road,",[blank],Dongguan,China,General Merchandise,Main production Site,51%,49%,No,198,Shanghai
"Millenarie Cutlery Manufacturing Co., Ltd. No.8",24.65383644,119.0725359,[blank],Nahuo Industrial District Yangjiang,[blank],China,General Merchandise,Main production Site,55%,45%,Yes,1144,Shanghai
"Guangdong Baodayi Porcelain Co., Ltd",24.64610694,118.2394357,Gouwei Area,"Cailong Village ,Fengxi",Chaozhou,China,General Merchandise,Main production Site,49%,51%,Yes,75,Shanghai
Bestway (Nantong) Recreation Corp.,24.32610835,118.0909763,No. 8 West Huimin Rd,Rugao Econ Development ZoneNantong,[blank],China,General Merchandise,Main production Site,52%,48%,Yes,5917,Shenzhen
Tianjin Landmark International Industry Co.,24.73481895,118.2696433,Shang Ma Tai Industrial ZoneWu Qing Qu,[blank],Tianjin,China,General Merchandise,Main production Site,70%,30%,Yes,549,Shenzhen
Brita Water Filter Systems Ltd,1,1,Brita House,9 Granville Way,Bicester,United Kingdom,General Merchandise,Main production Site,83%,17%,No,41,[blank]
Libbey Holland,1,1,Lingedijk 8,.,Leerdam,Netherlands,General Merchandise,Main production Site,87%,13%,Yes,288,[blank]
Dongguan D d Plastic Co. Ltd.,23.93307248,118.4905344,1 Cai Bai Industrial Zone Dao Jiao Town,[blank],Dongguan,China,General Merchandise,Main production Site,50%,50%,Yes,155,Shenzhen
Leiston,1,1,George East House ware LTDUnit 1-5 MASTERLORD INDUSTRIALLEISTON United KingdomGM,[blank],[blank],United Kingdom,General Merchandise,Main production Site,59%,41%,Yes,49,[blank]
"Liling Top Collection Industrial Co., Ltd. xiejia group,",23.94310407,118.3047094,[blank],longhuwan village,Liling,China,General Merchandise,Main production Site,38%,62%,Yes,945,Shenzhen
Zaber & Zubair Fabrics ltd,1,1,"pagar, tongi, Gazipur -1710.Bangladesh.",[blank],Gazipur,Bangladesh,General Merchandise,Main production Site,80%,20%,Yes,8903,[blank]
TREND GLASS SP. Z O.O.,1,1,Zubrzyckiego 11,26-600,Radom,Poland,General Merchandise,Main production Site,53%,47%,No,882,[blank]
Arfai industria de faianças lda,1,1,Rua do depósito de àgua tojeira,[blank],alcobaça,Portugal,General Merchandise,Main production Site,22%,78%,No,100,[blank]
"Shuang Yi stainless steel products factory Hong San Industrial Area Cai Tang Town, Chao An DistricChaozhou China GM",24.65244684,118.3010992,[blank],[blank],[blank],China,General Merchandise,Main production Site,56%,44%,Yes,18,Shenzhen
Gi-Go Toys (Huizhou) Co. Ltd,25.08153509,117.8132086,The North Side of ScienceTechnology and,[blank],"Park, Tiechang Huizhou China",China,General Merchandise,Main production Site,31%,69%,Yes,377,Shenzhen
Decor Asia,1,1,"Decor asia, 10th Km Stone,G.T. Road, Near KRBL rice mill Gautam Budh NagarIndia GM Main production Site",[blank],[blank],India,General Merchandise,Main production Site,94%,6%,Yes,429,[blank]
"Ningbo Feihong Stationery Co., Ltd.",24.68729041,119.3075536,"NO. 8 FENGXIANG ROAD,SOUTH AREA, YUYAO ECONOMICYuyao",[blank],[blank],China,General Merchandise,Main production Site,53%,47%,Yes,370,Shenzhen
UKG (Cannon Way),1,1,Cannon Way,Mill Street West,Dewsbury,United Kingdom,General Merchandise,Main production Site,46%,54%,No,342,[blank]
Zhejiang Sunrise New Energy Technology,24.56346979,118.9681251,"YongAn industrial zone Xianju ,Taizhou City,Zhejiang Taizhou",[blank],[blank],China,General Merchandise,Main production Site,52%,48%,Yes,84,Shenzhen
Weihai Interior Manufacturing Co Ltd.,24.92248967,119.0660068,"11, Shenzhen,Wendeng District11, Shenzhen,Wendeng DistrictWeihai China",[blank],[blank],China,General Merchandise,Main production Site,27%,73%,Yes,104,Shenzhen
All Time Plastics,25.19657828,118.3616504,"No. 50  DongguanChina City, ChinaGM Main production Site 26% 74% 223 Yes","Weijian Road, Fei''eling, Shangyuan Village, ChashanDongguan Town",Dongguan,China,General Merchandise,Main production Site,26%,74%,Yes,223,Shenzhen
Vestel Elekronik Sanayi ve Ticaret A.S,1,1,Vestel Elekronik Sanayi veManisa Tic,Organize Sanayi BolgesiManisa Turkey GM,[blank],Turkey,General Merchandise,Main production Site,66%,34%,No,6488,[blank]
Shuangma,24.70132536,118.1124647,"Shangjin Village,",Yanjiang Town,Linhai,China,General Merchandise,Main production Site,48%,52%,Yes,227,Shenzhen
"Sunny Toys (Shenzhen) Co., Ltd",24.39639802,117.7405692,"Building A, Industrial ParkNo.1, Mengtuoli Road, Shayi Shenzhen China",[blank],[blank],China,General Merchandise,Main production Site,37%,63%,Yes,127,Shenzhen
"Ramesh Flowers Private Limited - Sipcot A62(A), Sipcot Industrial Complex, Therku",1,1,[blank],[blank],Thoothukudi,India,General Merchandise,Main production Site,38%,62%,Yes,321,[blank]
"LITING UNIVERSAL(ZHEJIANG) ELECTRIC CORP JINSHA VILLAGE, QUANTANGPINGHU TOWN, CITY, ZHEJIANG PROVINCEpinghu China GM",25.49960127,118.1040131,[blank],[blank],[blank],China,General Merchandise,Main production Site,32%,68%,Yes,909,Shenzhen
TAIAN LINK HOME FURNISHINGS LIMITED,25.1455252,119.1371478,"SOUTH OF LAOTAILIN ROAD,LAOCHENG IND PARK,",[blank],FEICHENG CITY,China,General Merchandise,Main production Site,10%,90%,Yes,84,Shenzhen
ZHENJIANG DA JIE METAL PRODUCTS CO LTD. #236 ZONG ZE ROAD,24.54115909,118.3964518,[blank],ZHENJIANG,ZHENJIANG,China,General Merchandise,Main production Site,23%,77%,Yes,39,Shenzhen
"Cuori Electrical Appliances (Group) Co.,Ltd",24.19214172,118.8773594,"No.1088 Zhouzhi Road, Zhouxiang Town",[blank],Cixi City,China,General Merchandise,Main production Site,43%,57%,Yes,332,Shenzhen
SHARP Consumer Elec. Poland sp. z o.o.,1,1,"Ostaszewo 57B, 87-148 LysomiceLysomice",[blank],Lysomice,Poland,General Merchandise,Main production Site,41%,59%,Yes,654,[blank]
"Zhejiang Sopop Industrial Co.,Ltd",24.94565089,118.8384737,Dahou Industrial Estate ofTangxian town,[blank],Yongkang,China,General Merchandise,Main production Site,54%,46%,Yes,444,Shenzhen
Glenealy Plastic Crafts (Dongguan) Company,25.19985662,117.6993523,"Kiu Li Village,Chang Ping, Dong Guan, Guang Dong Dong Guan City China",[blank],[blank],China,General Merchandise,Main production Site,32%,68%,Yes,787,Shenzhen
Huizhou City Nanxin Rubber & Plastic,25.11484279,118.2259388,"Liaowei Village, YuanzhouBoluo Town County, Huizhou City, Huizhou China",[blank],[blank],China,General Merchandise,Main production Site,60%,40%,Yes,94,Shenzhen
CHEN ZHOU WEALTHWISE ENTERPRISES LTD.,24.17429565,118.4609775,SHOU FO ROAD,DONG JIANG STREET,ZI XING,China,General Merchandise,Main production Site,18%,82%,Yes,1163,Shenzhen
New Stars Plastic Metal Products (Dongguan),25.35204442,119.2157468,"No.217, Shatian BoulevardShatian Town",[blank],Dongguan City,China,General Merchandise,Main production Site,51%,49%,Yes,426,Shenzhen
Zhong Shan Guang Ye Hardware And Electric,24.97380363,119.5190837,"No. 13, LeFeng 2nd RoadMaoHui Industrial Zone",[blank],ZhongShan City China,China,General Merchandise,Main production Site,38%,62%,Yes,98,Shenzhen
Changzhou Runhao Textile Products Co. Ltd. No.58 Xingming Road Jintan district,24.74594027,118.1910896,[blank],[blank],Changzhou,China,General Merchandise,Main production Site,23%,77%,Yes,71,Shenzhen
"DONGGUAN KAIDE ELECTRIC CO., LTD",24.62706991,118.792871,Langzhou lndustrial ZoneChang Ping Town,[blank],Dongguan,China,General Merchandise,Main production Site,43%,57%,Yes,397,Shenzhen
"WEIHAI YINJIE GROUP CO., LTD",23.95778339,118.5377457,"NO.52 HAOSHAN ROAD, CHUCUN,N/A",[blank],WEIHAI,China,General Merchandise,Main production Site,19%,81%,Yes,129,Shenzhen
More Movement Toys Ltd.,24.85391008,118.3940751,JinHu Industrial District ShiHu Village,[blank],HuiZhou,China,General Merchandise,Main production Site,32%,68%,Yes,933,Shenzhen
Chi Fung Metal Plastic Factory,24.12841148,119.2301121,Building 2 Changfeng IndustDongkeng Pk,[blank],Community GongmingShenzhen China GM,China,General Merchandise,Main production Site,53%,47%,Yes,201,Shenzhen
Welspun India Vapi,1,1,Village Morai,Vapi,Gujarat,India,General Merchandise,Main production Site,70%,30%,Yes,7155,[blank]
Guangdong Hallsmart Intelligence Tech. Co.,24.99909499,119.3424612,West Expressway Exit,Guangzhou-Zhanjiang HighwayZhanjiang,[blank],China,General Merchandise,Main production Site,21%,79%,Yes,569,Shenzhen
Yunus Textile Mills Ltd. - Unit 07,1,1,"plot no HX-7/3, Landhi Landhi Industrial Area",[blank],Karachi,Pakistan,General Merchandise,Main production Site,93%,7%,Yes,3686,[blank]
"Jiangsu Midea Cleaning Appliance Co.,Ltd. No.39 Caohu Avenue, XiangchengSuzhou,Jiangsu, China Suzhou",25.63227118,118.5364503,[blank],[blank],[blank],China,General Merchandise,Main production Site,66%,34%,Yes,1640,Shenzhen
"Shenzhen Xinyinhai Electronic Co.,Ltd",24.15347506,118.6170083,"No. 50  DongguanChina City, ChinaGM Main production Site 26% 74% 223 Yes","Weijian Road, Fei''eling, Shangyuan Village, ChashanDongguan Town",Dongguan,China,General Merchandise,Main production Site,26%,74%,Yes,223,Shenzhen
Dongguan Branch,24.41646874,118.0533142,"No.17, Xinyuan South RoadLudong Community,Humen TownDongguan City China",[blank],[blank],China,General Merchandise,Main production Site,21%,79%,Yes,208,Shenzhen
"Fujian Ivyer Industrial Co., Ltd",24.78184258,117.8581084,"YANGXIA VILLAGE, GUHUAIYANGXIA TOWN,C VILLAGE, GUHUAI TOWN,Cfuzhou China GM",[blank],[blank],China,General Merchandise,Main production Site,55%,45%,Yes,175,Shenzhen
DONGGUAN LIAN ZHOU ELECTRONIC,25.26087601,118.4953482,"1 Building, #10, TechnologyFeng Road Gang Town",[blank],Dongguan,China,General Merchandise,Main production Site,60%,40%,Yes,347,Shenzhen
Travancore Cocotuft P Ltd,1,1,Travancore Cocotuft P LtdCoir Park Thiruvizha,[blank],Alleppey,India,General Merchandise,Main production Site,88%,12%,Yes,148,[blank]
DONGGUAN WANG TAK TOYS COMPANY LTD.,24.55446671,117.8066081,"RONG XIN ROAD,","SHANGSHA DISTRICT, CHANGAN,DONGGUAN",[blank],China,General Merchandise,Main production Site,70%,30%,Yes,126,Shenzhen
"Dong Guan Long Yi Dian Zi Dian Qi Zhi Pin Ltd No. 30 Long Wang Road, Long Bei Ling Village, Dong Guan City China GM",25.38635463,119.0511403,[blank],[blank],[blank],China,General Merchandise,Main production Site,43%,57%,Yes,291,Shenzhen
Mico (Shenzhen) Arts & Crafts Co Ltd,24.82352397,118.7166335,N. 270 JimBi Road,Ping Shan Sha Hu Ping Shan Shenzhen,[blank],China,General Merchandise,Main production Site,42%,58%,Yes,60,Shenzhen
Guangdong ShengYiLong House Products,25.41017554,119.2422209,"HeCheng industrial park, 9-10,Qiaotou Wusha Town, village,, Dongguan City,Dongguan China GM Main production Site 43%",[blank],[blank],China,General Merchandise,Main production Site,[blank],57%,Yes,198,Shenzhen
Nantong Yida Sports Equipments Co Ltd,25.2616356,118.7899542,XINDIAN TOWN RUDONGNANTONG COUNTY,[blank],CITY JIANGS PROVINCENANTONG China,China,General Merchandise,Main production Site,54%,46%,Yes,93,Shenzhen
"Huastar Technology Development Co., Ltd. Yuting Road,",24.63003682,119.4027838,[blank],"Chenghua Industry Zone,",Shantou,China,General Merchandise,Main production Site,53%,47%,Yes,229,Shenzhen
"Jieyang Weikangda Paper Products Limited Western of the South Industrial Park,",24.00829097,118.6918107,[blank],[blank],Jieyang,China,General Merchandise,Main production Site,38%,63%,Yes,48,Shenzhen
First Sports Equipment Factory,24.10424904,118.5342508,No.5 West Xinhui Road Xinhui District,[blank],Jiangmen,China,General Merchandise,Main production Site,26%,74%,Yes,689,Shenzhen
Shenzhen Junlan Electronic Limited,25.63736136,118.62536,"1-5 fl, #277 and 1+5 fl, #279Pingkui Rd, Shijing Community Shenzhen",[blank],[blank],China,General Merchandise,Main production Site,53%,47%,Yes,294,Shenzhen
"East Asia (Tai Shan) Paper Products Co Ltd Chaojing Overseas ChineseInvestment Demonstration Area,Tai Shan City",25.6809399,118.5491284,[blank],[blank],[blank],China,General Merchandise,Main production Site,47%,53%,Yes,180,Shenzhen
"Cre8 Direct (Ningbo) Co., Ltd.",25.51448131,118.2582769,45W Lushan Road,"Beilun, Ningbo China. 315806 Ningbo",[blank],China,General Merchandise,Main production Site,40%,60%,Yes,748,Shenzhen
"Asia Grobal Industries Co.,Ltd",24.30613324,118.6619675,"Jinsong RD, Liuwuxiang, LiaobuDongguan, Guangdong Dongguan",[blank],[blank],China,General Merchandise,Main production Site,51%,49%,Yes,103,Shenzhen
PINEFIELDS LIMITED,24.31158936,117.8838402,Songshanxia villager groupShiwei village economic HUIZHOU,[blank],[blank],China,General Merchandise,Main production Site,77%,23%,Yes,125,Shenzhen
"Ningbo Joyee Electrical Appliances Co., Ltd. No. 8, East Taoyuan Road,East Industry Development AreaNingbo China GM",24.23280558,117.9685705,[blank],[blank],[blank],China,General Merchandise,Main production Site,58%,42%,Yes,249,Shenzhen
"Ningbo Liqi Electrical Appliance co.,Ltd. No.758 Kaifa Road,ZhouxiangTown,Cixi",25.44129219,118.282388,[blank],[blank],NINGBO,China,General Merchandise,Main production Site,45%,55%,Yes,273,Shenzhen
YUYAO XUNENG JIANGXIN ELECTRIC,24.34687173,118.6419585,NO 10 WEIYI ROAD,LANGXIA STREET,NINGBO,China,General Merchandise,Main production Site,40%,60%,Yes,72,Shenzhen
X. J. Electronics (Shenzhen) co. Ltd,24.75417961,118.3948632,"No. 3, Shijing Industrial ZonePingshan, Pingshan District Shenzhen China GM",[blank],[blank],China,General Merchandise,Main production Site,51%,49%,Yes,1133,Shenzhen
"Huizhou LiLaiCheng Lighting Co., Ltd",24.80894119,118.5627706,"Xinle Industrial District, Ma''An Town,Huicheng DistrictHuizhou China",[blank],[blank],China,General Merchandise,Main production Site,44%,56%,No,203,Shenzhen
"Zhejiang Xinbo Baby & Juvenile Products Co.,",24.56269826,118.4464678,"No. 168 Longshan Road, Zhongguno second address huzhou",[blank],[blank],China,General Merchandise,Main production Site,40%,60%,Yes,242,Shenzhen
"Wuyi Xinyue Leisure Products Co.,Ltd.",23.93595796,118.6371615,"No.16, Three Road of HuanglongIndustrial Zone",[blank],Jinhua,China,General Merchandise,Main production Site,48%,52%,Yes,88,Shenzhen
"Zhejiang Xingrun Home Furnishing Co., Ltd. Qixing Industrial Estate, South Lake District , Jiaxing",24.58429996,117.9608664,[blank],[blank],[blank],China,General Merchandise,Main production Site,60%,40%,Yes,58,Shenzhen
FELPINTER Industrias Texteis SA,1,1,195 Rua Julio Maria Martins da CosSanto Tirso,[blank],[blank],Portugal,General Merchandise,Main production Site,57%,43%,Yes,506,[blank]
SGM Paper Products Ltd,1,1,"Plot No. 183, Sector- 4, IMT Manesar,",[blank],Gurgaon,India,General Merchandise,Main production Site,78%,22%,Yes,381,[blank]
"Tzeng Shyng Industries(Heyuan) Corp.,",24.80471603,118.3022325,"LiWang Ave.,",Pearl Industry Park,Heyuan,China,General Merchandise,Main production Site,70%,30%,Yes,236,Shenzhen
"Crownwell (He Yuan) CO., Ltd",25.24260588,119.1643175,"No 11, Meizi Road, Xian TangIndustrial Park,Xian Tang TownHeyuan China",[blank],[blank],China,General Merchandise,Main production Site,44%,56%,Yes,736,Shenzhen
"Jiande Huayi Leisure Products Co., Ltd",24.66881017,119.1818559,"No. 50  DongguanChina City, ChinaGM Main production Site 26% 74% 223 Yes","Weijian Road, Fei''eling, Shangyuan Village, ChashanDongguan Town",Dongguan,China,General Merchandise,Main production Site,26%,74%,Yes,223,Shenzhen
"KIngsun Enterprises Co., Ltd.",24.80165734,118.0184671,Xicheng Area 2 Shiyong VillageHengli Town Dongguan GuangdongDongguan China GM,[blank],[blank],China,General Merchandise,Main production Site,66%,34%,Yes,397,Shenzhen
DESIGNCO PRIVATE LIMITED,1,1,"DESIGNCO, LAKRI FAZALPUR,DELHI ROAD, MORADABAD-244001Moradabad India",[blank],[blank],India,General Merchandise,Main production Site,100%,0%,Yes,328,[blank]
"Yuyao Tiandi Industry Co.,Ltd",24.20690739,118.9403248,"Hongyun Road,Lianghui EconomicDevelop Zone",[blank],Yuyao,China,General Merchandise,Main production Site,31%,69%,Yes,36,Shenzhen
Starplast industries (1967) ltd.,1,1,Elon-Tavor industrial zoneP.O.Box 2085,[blank],Afula,Israel,General Merchandise,Main production Site,60%,40%,Yes,343,[blank]
Shenzhen QinHengXin Handicraft Co Ltd,24.49388427,117.7085019,No. 97 NIUMIANLING VILLAGEPINGDI STREET,[blank],SHENZHEN,China,General Merchandise,Main production Site,59%,41%,Yes,27,Shenzhen
"Sumec manufacturing venture co., ltd.",25.44189193,118.1659941,"No.1, Gaoke 8 Road,","Nanjing Hitech Zone,",Nanjing,China,General Merchandise,Main production Site,35%,65%,Yes,92,Shenzhen
"NINGBO ENERGY POWER TOOLS CO.,LTD",24.71705714,118.2864996,"No 50, Dongbei Road",Dongqiao Industrial Zone,Ningbo,China,General Merchandise,Main production Site,49%,51%,Yes,72,Shenzhen
"Homex Soft Furnishings ( Hangzhou ) Limited NO.6 Houyang Road,AnxiLiangzhu,Yuhang,Hangzhou Hangzhou",25.49770076,118.1677548,[blank],[blank],[blank],China,General Merchandise,Main production Site,28%,72%,Yes,50,Shenzhen
Huizhou Childlife Manufacturing Company,24.91752471,118.7538444,Pan li Cun,Lik Lin Zhen,Huizhou,China,General Merchandise,Main production Site,25%,75%,Yes,16,Shenzhen
CHAOZHOU KUNYUE CERAMIC TRADING,24.70027131,118.9266389,"WU NAN ROAD,HUWEI VILLAGEFENGTANG,CHAOAN,CHAOZHOUCHAOZHOU",[blank],[blank],China,General Merchandise,Main production Site,60%,40%,Yes,35,Shenzhen
JIEYANG JIAYI HARDWARE PRODUCTS,25.58185386,118.4826553,"stone village,Meiyun town,Rongcheng District,Jieyang Jieyang",[blank],[blank],China,General Merchandise,Main production Site,62%,38%,Yes,85,Shenzhen
"X.J.Electrics (Shenzhen) Co.,Ltd",24.74806962,117.8724328,"Shantang Industrial Zone,Silian Paibang Village, Shenzhen",[blank],[blank],China,General Merchandise,Main production Site,52%,48%,Yes,950,Shenzhen
"HUNAN QUANXIANG CERAMICS CORP,LTD.",24.45870243,118.2062633,FENGHUANG ROAD,CERAMIC INDUSTRY AREA,LILING,China,General Merchandise,Main production Site,38%,62%,Yes,985,Shenzhen
Shantou Xinyu Alloy Toys Factory,24.05385092,118.1400202,"Waigang, Nanwan Village,Lianxia Town,",[blank],Shantou,China,General Merchandise,Main production Site,48%,52%,Yes,52,Shenzhen
"AEL LIGHTING CO.,LTD",25.04403636,118.9895933,"No.268-5,ZhongXinJin Road,ShuiKou District,DaLang Town,DongGuan China",[blank],[blank],China,General Merchandise,Main production Site,52%,48%,Yes,97,Shenzhen
"Dongguan Chinalight Electrical Co.,Ltd",24.15609703,118.741353,"No. 3 Third Industrial Area,Dongkeng Village",[blank],Dongguan,China,General Merchandise,Main production Site,47%,53%,Yes,43,Shenzhen
Glory View Industries,24.4328061,118.7026367,"Buiding 2 ,3-6 Floor,No17,Hengxi Shunxing Village north Yongxig road",[blank],[blank],China,General Merchandise,Main production Site,54%,46%,Yes,37,Shenzhen
KAIPING SIXIN GARMENT COMPANY LTD,24.08132861,118.7324626,"5TH BUILDING,1ST WEST XIHUDISTRICT SECOND ROAD, KAI PING",[blank],[blank],China,General Merchandise,Main production Site,5%,95%,Yes,21,Shenzhen
"Huizhou Everspring Lighting Co., Ltd",25.06119155,118.7016597,"Soyee industrial park, Jinglong Village,Zhenlong townHuizhou",[blank],[blank],China,General Merchandise,Main production Site,44%,56%,Yes,63,Shenzhen
"Co.,Ltd",24.62985027,119.3438233,"Jiangbokeng(old name), XiaozeDaze Town,Xinhui District Jiangmen China",[blank],[blank],China,General Merchandise,Main production Site,38%,63%,Yes,96,Shenzhen
"Fong Bo (Huizhou) Toys Manufactory Co., Ltd Shui Jin Cun Min",25.20300418,118.3509769,"Group, Nan Keng Village, Xin Xu Town,Hui Zhou China GM",[blank],[blank],China,General Merchandise,Main production Site,40%,60%,Yes,362,Shenzhen
Ltd.,24.62619669,118.7591502,Yagang Industrial Zone Sanxiang Town,[blank],Zhongshan City China,China,General Merchandise,Main production Site,47%,53%,Yes,650,Shenzhen
"Ningbo Singfun Electric Appliance Co.,Ltd Fuhai Develop Area,Cixi,ZhejiaFuhai Develop Area,Cixi,Zhejia Cixi China GM",24.98689188,117.8939261,[blank],[blank],[blank],China,General Merchandise,Main production Site,60%,40%,Yes,998,Shenzhen
Nesa Tekstil,1,1,Nesa Tekstil Sanayi ve tic OrganizeAS,sanayi Bolgesi Denizli,[blank],Turkey,General Merchandise,Main production Site,42%,58%,No,383,[blank]
LTD,25.08252735,118.8134977,YING DONG INDUSTRIAL ZONEDONG HUA TOWN,[blank],YING DE CITY,China,General Merchandise,Main production Site,36%,64%,Yes,1067,Shenzhen
"zhejiang cooker king cooker co.,ltd",25.23720322,118.1313265,"NO. 599, JIUDING ROAD ECONOMIC DEVELOPMENT AREAYONGKANG",[blank],[blank],China,General Merchandise,Main production Site,56%,44%,Yes,448,Shenzhen
"RUEE APPLIANCES CO.,LTD",24.30338883,117.8820309,No.100 Jintong Road TangxiaTown Pengjiang Section Jiangmen,[blank],[blank],China,General Merchandise,Main production Site,53%,47%,Yes,482,Shenzhen
"Classic Toys (Ningbo) Co., Ltd.",24.61563017,118.0905425,8 Xinrui Road,Longxiang VillageWuxiang TownNingbo,[blank],China,General Merchandise,Main production Site,61%,39%,Yes,83,Shenzhen
"Ramesh Flowers Private Limited - Candles 3/225, K SubramaniapuramJegaveerapandiapuram VillageTuticorin India",25.07645117,117.6533711,"No. 50  DongguanChina City, ChinaGM Main production Site 26% 74% 223 Yes","Weijian Road, Fei''eling, Shangyuan Village, ChashanDongguan Town",Dongguan,China,General Merchandise,Main production Site,26%,74%,Yes,223,Shenzhen
Guangdong Hengao Industrial Co Ltd,25.36451684,119.1382582,"No.B3-1-4,",Yinling Science and TechnologyJiangcheng China,[blank],China,General Merchandise,Main production Site,34%,66%,Yes,88,Shenzhen
"Quanzhou Epoch Travelling Goods Co.,Ltd",24.68331846,118.8689225,"No.28, Chongheng StreetEconomic and Technical DevelopmentQuanzhou Zone China GM Main production Site",[blank],[blank],China,General Merchandise,Main production Site,41%,59%,Yes,61,Shenzhen
Ltd,24.53703689,118.8680466,"Tashan industrial zone, MeilinNinghai, Ningbo, Zhejiang, Chi Ningbo China GM",[blank],[blank],China,General Merchandise,Main production Site,49%,51%,Yes,1089,Shenzhen
Sansetsu UK Ltd,1,1,Akira House,"16/17 Brunleys Kiln Farm, Milton Keynes. United KingdomGM",[blank],United Kingdom,General Merchandise,Main production Site,78%,22%,No,55,[blank]
"Chaozhou Jingmei Craft Products Co., Ltd No.2 Yinhuai Rd",25.31411622,119.2282798,Chaozhou Ave,[blank],Chaozhou,China,General Merchandise,Main production Site,60%,40%,Yes,68,Shenzhen
DEVELOPMENT CORP.,24.3263823,118.0184735,Hengyi Road,North Industry Park,Lu'an,China,General Merchandise,Main production Site,33%,67%,Yes,1767,Shenzhen
"Co., Ltd",25.3552585,119.0450665,"Block 6-7(C) Liujingsi Rd, ChongyiStreet,QuanzhouEconomicQuanzhou China",[blank],[blank],China,General Merchandise,Main production Site,48%,52%,Yes,29,Shenzhen
Seet Kamal International 2,1,1,"4C, Kamani Road,","Jhotwara Industrial Area, Jaipur",[blank],India,General Merchandise,Main production Site,43%,57%,Yes,320,[blank]
CosMed Deutschland GmbH,1,1,CosMed GmbH & Co. KG,Im Niedernbrock 48,Loehne,Germany,General Merchandise,Main production Site,60%,40%,No,213,[blank]
Zhejiang Fengyuan Industrial Co Ltd,25.55311529,118.0498416,No 66 Damaiwu Er Road Xinwo Town,[blank],Panan,China,General Merchandise,Main production Site,31%,69%,Yes,86,Shenzhen
"Guangxi Beiliu Yujie Porcelain Co.,Ltd",25.03416046,119.2415423,Beiliu Minan Porcelain Industrial Garden,[blank],Yulin,China,General Merchandise,Main production Site,46%,54%,Yes,489,Shenzhen
Ltd,25.26410051,119.0960551,"Fuzhong Industrial Area, Guxiang Town, Chaoan, ChaozhouChaozhou China",[blank],[blank],China,General Merchandise,Main production Site,44%,56%,Yes,225,Shenzhen
Wuxi Tianxiu Textile co ltd,24.80206805,118.8999765,"Yandai,Dongbeitang town,Jiangsu Wuxi",China,WUXI,China,General Merchandise,Main production Site,14%,86%,Yes,159,Shenzhen
Wrapid Manufacturing Limited,1,1,Units 1-4 Ashford Mills Thornton Road,[blank],Bradford,United Kingdom,General Merchandise,Main production Site,63%,37%,Yes,76,[blank]
"NINGBO EAST TOOLS CO., LTD",24.75783135,119.2888478,"No.307,Buzheng East Road,Wangchun Industry Zone Ningbo",[blank],[blank],China,General Merchandise,Main production Site,41%,59%,Yes,92,Shenzhen
Team Impression Limited,1,1,1 Lockwood Close,Leeds,Leeds,United Kingdom,General Merchandise,Main production Site,92%,8%,No,50,[blank]
"Ningbo Premier Electric Co.,Ltd",25.61329464,118.6297438,Xinxin village,Langxia street,Ningbo,China,General Merchandise,Main production Site,43%,57%,Yes,21,Shenzhen
Tai'an Ever Sincere Home Furnishing Co. Ltd. Xincheng Industry Park East of Ruifu Road,24.58627104,118.1504179,[blank],[blank],Feicheng City,China,General Merchandise,Main production Site,18%,82%,Yes,90,Shenzhen
Pingxiang Yuandong export fireworks factory Quantang village Shangli townShangli country Pingxiang city Pingxiang China GM Main production Site,25.46900691,118.9727996,[blank],[blank],[blank],China,General Merchandise,Main production Site,20%,80%,Yes,35,Shenzhen
"WuXi YaMei Embroidered Article Co., Ltd No.50,rongxing third road,zoneA,bashi furong industrial park WUXI China",24.3054419,117.9041469,[blank],[blank],[blank],China,General Merchandise,Main production Site,6%,94%,Yes,35,Shenzhen
"Co., Ltd",24.49420388,119.3292382,"Qi Gan Lingnan Village Aotou Town,Conghua District Guangzhou City China",[blank],[blank],China,General Merchandise,Main production Site,7%,93%,Yes,58,Shenzhen
Swan Mill Paper Company Limited - Wales Unit 48 Hirwaun IndustrialHirwaun Est,1,1,[blank],[blank],Hirwaun,United Kingdom,General Merchandise,Main production Site,56%,44%,Yes,48,[blank]
LDA,1,1,Rua Ilidio Pires,MOITALINA,PORTO DE MOS,Portugal,General Merchandise,Main production Site,22%,78%,No,181,[blank]
Jinan Fengsheng Art&Craft CO LTD,24.89299495,118.9985591,"No.57 Yangzhuangpu, YuhuangmiaShanghe, Jinan, Shandong,ChinaShandong China GM",[blank],[blank],China,General Merchandise,Main production Site,3%,97%,Yes,79,Shenzhen
"Linhai Changshuo Lighting Co.,Ltd",25.17726575,118.8742898,"Shuangzhai Village,DongchengTown",TLinhai Taizhou Linhai,[blank],China,General Merchandise,Main production Site,40%,60%,Yes,92,Shenzhen
"Yangzhou Ciyang Arts&Crafts Co., Ltd",25.62575246,118.301557,"No. 78, Shugang West RoadXihu Town, Yangzhou City Yangzhou",[blank],[blank],China,General Merchandise,Main production Site,6%,94%,Yes,102,Shenzhen
BEIFA Group,24.94068607,118.5357503,"No. 68, Weiliu Road",Xiao Gang,Ningbo,China,General Merchandise,Main production Site,33%,67%,Yes,931,Shenzhen
Guan Branch,25.32739379,118.1323007,"Room 102, Building 8","No.166, Yongjun Road",Dongguan,China,General Merchandise,Main production Site,40%,60%,Yes,72,Shenzhen
ZHEJIANG HUANGYAN GUANQUAN GIFT CO,25.40307771,118.9779796,"No. 50  DongguanChina City, ChinaGM Main production Site 26% 74% 223 Yes","Weijian Road, Fei''eling, Shangyuan Village, ChashanDongguan Town",Dongguan,China,General Merchandise,Main production Site,26%,74%,Yes,223,Shenzhen
LTD,24.03270353,118.2492631,"Hongyu Village, Toutuo Town,Huangyan Region, Taizhou, Taizhou",[blank],[blank],China,General Merchandise,Main production Site,25%,75%,Yes,87,Shenzhen
YUK HENG CLOTHING FACTORIES,1,1,"No. 2, Li Learn Street, Li Cross Village,",[blank],Dongguan,Hong Kong,General Merchandise,Main production Site,32%,68%,Yes,95,[blank]
Dongguan Unistar Industrial Ltd.,25.03082747,118.8713243,"No.8,Shang web qian 1st ShiyongRoad,",[blank],"Industrial Zone, Dongguan China",China,General Merchandise,Main production Site,56%,44%,Yes,25,Shenzhen
"TIANJIN GANG HONG CARPET CO., LTD",25.44114808,118.4675866,HOUXIANG,CUIHUANGKOU TOWN,TIANJIN,China,General Merchandise,Main production Site,46%,54%,Yes,37,Shenzhen
"Kangteng Sports Goods (Shenzhen) Co., Ltd. Tongxin South Road 6th, Sifangpu Community, Pingdi StShenzhen China",24.60629194,118.1565048,[blank],[blank],[blank],China,General Merchandise,Main production Site,44%,56%,Yes,143,Shenzhen
FACTORY,24.10575997,117.904564,"NO.8,","2ND GU XIA INDUSTRIAL ROAD,DONGGUAN CITY,China",[blank],China,General Merchandise,Main production Site,48%,52%,Yes,44,Shenzhen
Fujian Kangjia Furniture,25.44160954,118.9593267,Luzhong Village,Lefeng Town,Quanzhou,China,General Merchandise,Main production Site,47%,53%,Yes,201,Shenzhen
"Zhongshan Camry Electronic Co., Ltd.",25.00878591,118.0124983,Baishawan Industrial ParkQiwan Road,[blank],Zhongshan,China,General Merchandise,Main production Site,37%,63%,Yes,656,Shenzhen
Hero Cycles Ltd,1,1,HERO NAGAR,G.T. ROAD,LUDHIANA,India,General Merchandise,Main production Site,100%,0%,Yes,311,[blank]
NINGBO HONGXU HEATING CO LTD,25.07921667,118.4678397,"No.38, Longquan Road",Henghe Town,Cixi,China,General Merchandise,Main production Site,56%,44%,Yes,63,Shenzhen
Saigon Furniture Co Ltd,1,1,AH PHU VILLAGE,THUAN AN DISTRICT,THUAN AN DISTRICTVietnam GM,Vietnam,General Merchandise,Main production Site,59%,41%,Yes,61,[blank]
Airsprung beds,1,1,Canal Road Industrial Estate,[blank],Trowbridge,United Kingdom,General Merchandise,Main production Site,88%,13%,No,168,[blank]
"ARDA (ZHEJIANG) ELECTRIC CO., LTD",24.99492867,119.237738,No.166 Yingui Northern RoChengxi New Industry Area Yongkang,[blank],[blank],China,General Merchandise,Main production Site,60%,40%,Yes,871,Shenzhen
LTD,25.01353957,117.7503003,3RD floor Building 1,No46 Chang'an North Rd,Zhongshan,China,General Merchandise,Main production Site,63%,38%,Yes,112,Shenzhen
Qunli Household Articles Co Ltd,25.64234899,118.2745616,ZHEHU VILLAGE,DAJING TOWN,YUEQING,China,General Merchandise,Main production Site,39%,61%,Yes,54,Shenzhen
Ltd,24.02483263,118.9834741,Qifeng Industrial Park Nankeng Precinct,[blank],Dongguan,China,General Merchandise,Main production Site,44%,56%,Yes,66,Shenzhen
"XinCheng Wooden Products Co.,Ltd",24.51309029,119.0261895,No. 1,Beiping Street,Hailin,China,General Merchandise,Main production Site,53%,47%,Yes,259,Shenzhen
BAZHOU CITY NAIOU FURNITURE CO LTD,24.12909218,118.2161034,North Jinbao Road,14th Street,"Bazhou, Langfang ChinaCity GM",China,General Merchandise,Main production Site,57%,43%,Yes,89,Shenzhen
"Thomas Far East Co., Ltd",24.55596975,118.5199011,Yifu Road,Nantou Town,Zhongshan,China,General Merchandise,Main production Site,49%,51%,Yes,913,Shenzhen
Qingdao Dulin Wood factory,24.59724508,117.6791989,"Jiagezhuang,","Lancun Town,",Qingdao,China,General Merchandise,Main production Site,68%,32%,Yes,79,Shenzhen
Dorcus Bike Corp,1,1,NO 1-17 SHANJIAO RD,"DA-TSUN HSIANG CHANG HUA,DACUN TOWNSHIPTaiwan",[blank],Taiwan,General Merchandise,Main production Site,44%,56%,No,80,[blank]
Rangpur Metal Industries Ltd Unit 2,1,1,Olipur,Shayestagonj,Habiganj,Bangladesh,General Merchandise,Main production Site,69%,31%,Yes,487,[blank]
Jin Chang Sheng International Co. Ltd,1,1,"NO.83, ALLEY 141 LANE 134,GUANG ZHENG RD",[blank],Dali District,Taiwan,General Merchandise,Main production Site,50%,50%,No,18,[blank]
Zhejiang Hongguocun Leisure Goods Co.Ltd NO. 115 FAZHAN ROAD,25.08104072,118.9704966,[blank],Houzhai Industry Area,Jinhua,China,General Merchandise,Main production Site,47%,53%,Yes,88,Shenzhen
Hangzhou Bay New Area Branch,24.77975775,118.3501703,Xingci No.3 Road,Hangzhou Bay New District Ningbo,[blank],China,General Merchandise,Main production Site,49%,51%,Yes,850,Shenzhen
"Ningbo Premier Electric Co.,Ltd.",25.23764477,118.9344284,Xinxin Village,Langxia Street,Ningbo,China,General Merchandise,Main production Site,43%,57%,Yes,21,Shenzhen
Guangdong Qiaokang Elec Appliance Co.ltd No.18 Jinxiang Road,25.04082528,119.0464269,[blank],Sanjiao Town,Zhongshan,China,General Merchandise,Main production Site,71%,29%,Yes,91,Shenzhen
"Zhejiang Qiangwei Hardware Co., Ltd",25.53435749,118.9573643,Xin Tang Tou Village,XIN JIE STREET,Hangzhou,China,General Merchandise,Main production Site,47%,53%,Yes,504,Shenzhen
Cello Electronics (UK) Ltd,1,1,Dovecot Hill,South Church,Bishop Auckland United KingdomGM,United Kingdom,General Merchandise,Main production Site,52%,48%,No,33,[blank]
DEBANG CONSUMABLE PRODUCTS,24.62326947,117.8578947,"No. 50  DongguanChina City, ChinaGM Main production Site 26% 74% 223 Yes","Weijian Road, Fei''eling, Shangyuan Village, ChashanDongguan Town",Dongguan,China,General Merchandise,Main production Site,26%,74%,Yes,223,Shenzhen
COMPANY LTD,25.3625472,118.2562595,Qiaotouchen Village,No. 167 Huanxin Road,Hangzhou,China,General Merchandise,Main production Site,43%,57%,Yes,42,Shenzhen
Ninghai Tianbo Stationery & Sports,25.37209527,117.8341016,"Co. Ltd No 187, Binhai West RoadXidian Town",[blank],Ningbo,China,General Merchandise,Main production Site,52%,48%,Yes,56,Shenzhen
Flexa Eesti AS - Nigula & Kadrina,1,1,Vasta Kula,Laane-Virumaa,Viru-Nigula,Estonia,General Merchandise,Main production Site,43%,57%,No,178,[blank]
Vestel Electronik,1,1,Industrial Zone,Ahmet Tutuncuoglu Street,Yunusemre,Turkey,General Merchandise,Main production Site,66%,34%,No,6488,[blank]
Kyoto Futons Ltd,1,1,Hards Lane,Frognall,Deeping St JamesUnited KingdomGM,United Kingdom,General Merchandise,Main production Site,55%,45%,No,29,[blank]
Suzhou Reatai Furnishing Co Ltd,24.30485418,118.6495452,No 3188 Ditang Road,"Zhenze Town,",Suzhou,China,General Merchandise,Main production Site,60%,40%,Yes,85,Shenzhen
MEBLE WOJCIK SP ZOO,1,1,MEBLE WOJCIK SP ZOO,MAZURSKA 45,Elblag,Poland,General Merchandise,Main production Site,77%,23%,Yes,1399,[blank]
Ningbo Grand Home Furnishings Co Ltd,24.49518056,118.3013297,"No: 365 North Keyuan Road,Ninghai,",[blank],Ningbo,China,General Merchandise,Main production Site,52%,48%,Yes,168,Shenzhen
Alfa Tapijtfabriek NV,1,1,Lindestraat 96,B-8790,Waregem,Belgium,General Merchandise,Main production Site,46%,54%,Yes,79,[blank]
"Shangdong Cheerway Group Co.,Ltd.",25.12427524,118.0148446,XINGGUAN ROAD,XINZHAI TOWN,LINQU,China,General Merchandise,Main production Site,33%,67%,Yes,733,Shenzhen
"Co., Ltd.",24.6571838,119.4076475,"No.6, Shun Hong Road, Li BanXi Village, Fu Town, Zhongshan",[blank],[blank],China,General Merchandise,Main production Site,33%,67%,Yes,276,Shenzhen
Maxi Power Enterprise Ltd,23.96372379,118.4646433,"No.2, Tian-yang 2nd Road,Dongfang Community, Song GangShenzhen Street, China GM",[blank],[blank],China,General Merchandise,Main production Site,67%,33%,Yes,277,Shenzhen
MG FURNITURE SDN BHD,1,1,"LOT 2780, JALAN INDUSTRIKAWASAN 2",PERINDUSTRIAN Seberang Perai Malaysia GM,[blank],Malaysia,General Merchandise,Main production Site,74%,26%,No,150,[blank]
Fuzhou Zhonghe Houseware Co Ltd,24.03746229,118.6784987,"29, Fuzhou Airport Indl AreaNo.18 Pengcheng Road Fuzhou",[blank],[blank],China,General Merchandise,Main production Site,63%,38%,Yes,40,Shenzhen
Vestel Beyaz Esya,1,1,MUSTAFA KEMAL BULVARIORGANIZE NO:10.,SAN,Manisa,Turkey,General Merchandise,Main production Site,66%,34%,No,9867,[blank]
CO.LTD,24.73160502,119.1602161,Wanshi Industrial Zone Songgang Town,[blank],Foshan,China,General Merchandise,Main production Site,55%,45%,Yes,42,Shenzhen
BUIANI Srl,1,1,VIA COMUNALE DEL ROVERE33048 2,SAN GIOVANNI,Udine,Italy,General Merchandise,Main production Site,42%,58%,No,12,[blank]
Foshan Sanshui Hualang Metal Prod Ltd,24.28436139,118.5870513,"No.112, South Area, NationalProject Torch Foshan Electron IndustrialFoshan China GM Main production Site",[blank],[blank],China,General Merchandise,Main production Site,48%,52%,Yes,294,Shenzhen
Zhejiang Ruopei Arts & Crafts Co Ltd,24.24405266,118.3989207,Maotang Village,Majian Town,Lanxi City,China,General Merchandise,Main production Site,38%,62%,Yes,21,Shenzhen
Jiangsu Junyi Intell San Elec Tech Ltd,24.27469368,118.021848,"NO.100, PAINTING POETRYDAITOU ROAD TOWN",LIYANG,China,China,General Merchandise,Main production Site,32%,68%,Yes,28,Shenzhen
LTD,25.44690545,118.0762326,"No.3, Fudong 2nd Street Dongmen Village",Dongguan,China,China,General Merchandise,Main production Site,53%,47%,Yes,708,Shenzhen
"Quzhou Tianye Camping Co.,Ltd",24.1596839,117.9119018,NO.895,Shiji Road,Quzhou,China,General Merchandise,Main production Site,17%,83%,Yes,333,Shenzhen
Taparo,1,1,"Sat Borcut,","Nr198, DJ182, KM40",Jud,Romania,General Merchandise,Main production Site,43%,57%,Yes,1063,[blank]
Milenyum Metal Dis Tic. ve San. A.S.,1,1,SERBEST BOLGE 8.,CADDE NO 9,KAYSERI,Turkey,General Merchandise,Main production Site,88%,12%,Yes,228,[blank]
RAM QUALITY PRODUCTS LTD.,1,1,5 Yahalom St,Barkan Industrial Area,0 Israel,Israel,General Merchandise,Main production Site,92%,8%,No,65,[blank]
ITALROM LEATHER S.R.L.,1,1,"STR. MATEI CORVIN, NR 202FVETEL",Hunedoara,Romania,Romania,General Merchandise,Main production Site,52%,48%,Yes,274,[blank]
Elda Hali Tekstil,1,1,OSBB. 8.,"Cadde No: 55,",Kayseri,Turkey,General Merchandise,Main production Site,87%,13%,Yes,362,[blank]
Bica SpA,1,1,Bica SpA,Via Dell’Artigianato 2,Padua,Italy,General Merchandise,Main production Site,93%,7%,No,56,[blank]
Elliottis do Brasil Ind Moveleira Ltda,1,1,RUA GERMANO,GIROTTO 850,Antonio Prado,Brazil,General Merchandise,Main production Site,39%,61%,Yes,77,[blank]
Moveis Katzer Ltda,1,1,RUA ESTEVAO BUSCHLE,262 BAIRRO,SAO BENTO DO SULBrazil,Brazil,General Merchandise,Main production Site,58%,42%,Yes,193,[blank]
Temasa Ind de Moveis Ltda,1,1,Avenida Engenheiro,lourenco Faoro,Cacador,Brazil,General Merchandise,Main production Site,54%,46%,Yes,492,[blank]
Ninghai Weiye Handicraft Products Co.Ltd DAMU VILLAGE,24.14671955,118.3971587,Huangtan Town,Ninghai,China,China,General Merchandise,Main production Site,63%,37%,Yes,19,Shenzhen
"ZHEJIANG TAIXING CHILD'S TOYS CO.,LTD",25.22415392,117.9952591,Shangjiaoyang industrial ZoneLauyang Town,Wenzhou,China,China,General Merchandise,Main production Site,62%,38%,Yes,98,Shenzhen
Yinghui Electronics Factory,24.51293419,118.9334337,Chijiaoluduan,Zhenzhong Road,Dongguan,China,General Merchandise,Main production Site,55%,45%,Yes,164,Shenzhen
Hangzhou Xuanbo Fitness Equip Co. Ltd,24.3817482,118.6105343,"NO. 8, NO. 5 ROAD",DONGZHOU INDUSTRIAL ZONEFUYANG,China,China,General Merchandise,Main production Site,61%,39%,Yes,90,Shenzhen
CO,25.31622579,118.1931978,NO. 19 LINGANG ROAD,Beijiao,Foshan,China,General Merchandise,Main production Site,51%,49%,Yes,1698,Shenzhen
QooCo Industries Company Limited,25.55804625,118.7536622,"No.219 Jinhu West Road,West of 84 Avenue,",Huai'an,China,China,General Merchandise,Main production Site,37%,63%,Yes,307,Shenzhen
Zhongshan Xinda Outdoor Product,24.72804477,118.7609606,"No. 23, Shalan East Road Sanjiao Town",Zhongshan,China,China,General Merchandise,Main production Site,48%,53%,Yes,40,Shenzhen
Changzhou Tcostar Tools Co Ltd,24.63042652,119.2186208,NO.219 HUAXING ROAD,JINTAN DISTRICT,Changzhou,China,General Merchandise,Main production Site,40%,60%,Yes,70,Shenzhen
Ningbo Fusle Mech Manufacturing Co.Ltd,24.91886923,118.5500565,LIYIE,Hengxi Town,Ningbo,China,General Merchandise,Main production Site,54%,46%,Yes,85,Shenzhen
Nantong We Win Furniture Co Ltd,25.56902036,118.5651309,"No 288, Group 3",Huzhuang Village Qutang TownNantong,China,China,General Merchandise,Main production Site,48%,52%,Yes,241,Shenzhen
"Freestyle Outdoor Living Co.,Ltd",25.3822005,118.7689605,XIUFENG GAOQIAO TOWNYinzhou Area,NINGBO,China,China,General Merchandise,Main production Site,72%,28%,Yes,162,Shenzhen
"Ningbo Faith Tourist Article Co.,Ltd",25.35639131,118.2781107,XIAODONG INDUSTRY AREALANJIANG STREET,[blank],Yuyao,China,General Merchandise,Main production Site,50%,50%,Yes,42,Shenzhen
Nursery Connections Limited,1,1,"Units 8 , Cronin CourtyardWeldon South Ind Estate CORBY",[blank],[blank],United Kingdom,General Merchandise,Main production Site,55%,45%,No,38,[blank]
Qingdao Finsense Furniture,24.57487498,118.1350479,No. 152 Hong Tai Road Chengjia Village,[blank],Qingdao,China,General Merchandise,Main production Site,45%,55%,Yes,31,Shenzhen
"Qingdao Vimoon Household Co.,Ltd",24.73308825,118.1484013,Manufacturing Industrial JiaobeiPark,Street,Qingdao,China,General Merchandise,Main production Site,51%,49%,Yes,97,Shenzhen
"Hangzhou Kejie Home Textile Co.,Ltd",24.50554644,118.284799,No.20 Shanzhuangqiao IndRenhe Area Town,[blank],Hangzhou,China,General Merchandise,Main production Site,34%,66%,Yes,74,Shenzhen
Wujiang Tianwu Security Mach Co. Ltd,25.52772825,118.5849402,1155 Hubei Road,Shenta town,Suzhou,China,General Merchandise,Main production Site,66%,34%,Yes,82,Shenzhen
Zhongshan Sewco Toys And Novelty Ltd,25.21793627,119.0974253,No 31 SHAGANG MAIN ROADGangkhou,[blank],Zhongshan,China,General Merchandise,Main production Site,14%,86%,Yes,709,Shenzhen
Zhejiang Qiangsheng Furniture Co Ltd,25.19469134,118.9052218,Tangpu Industrial Zone Anji Country,[blank],Huzhou,China,General Merchandise,Main production Site,53%,47%,Yes,288,Shenzhen
Tongxiang CBF Furniture Co,24.30576335,118.2985256,Tower 1 No 1500 GuangmingTongxiang Rd,Economic Dev ZoneTongxiang China,[blank],China,General Merchandise,Main production Site,52%,48%,Yes,54,Shenzhen
Fitt Spa,1,1,Via Paive,8 – 36066,Sandrigo (Vi),Italy,General Merchandise,Main production Site,62%,38%,Yes,439,[blank]
CH BABY COMPANY LIMITED,24.64109567,118.7938524,CH BABY INDUSTRIAL PARKXietang Town,[blank],Shangyu,China,General Merchandise,Main production Site,50%,50%,Yes,313,Shenzhen
Cheng Wei Furniture Co Ltd,1,1,"NO 9 LANE 180,",P-Tou Hsiang,P-Tou Hsiang,Taiwan,General Merchandise,Main production Site,43%,57%,No,100,[blank]
Zhejiang Hengfeng Top Leisure Co Ltd,25.18201104,117.8943832,NO 860.BEIHU STREET,WUKANG TOWN,Huzhou,China,General Merchandise,Main production Site,54%,46%,Yes,311,Shenzhen
Zhongshan Fumao Woodenware Co Ltd,24.61997578,119.4996117,NANLANG INDUSTRIAL DISTRICTNanlangTown,[blank],Zhongshan,China,General Merchandise,Main production Site,53%,47%,Yes,51,Shenzhen
"Guangdong Kerong Elec Appli Co.,Ltd",25.1350967,117.972212,"No. 50  DongguanChina City, ChinaGM Main production Site 26% 74% 223 Yes","Weijian Road, Fei''eling, Shangyuan Village, ChashanDongguan Town",Dongguan,China,General Merchandise,Main production Site,26%,74%,Yes,223,Shenzhen
"I JANG INDUSTRIAL CO., LTD.",1,1,"No. 4, Hsing Kung Rd",Lun Chiao Village,Changhua,Taiwan,General Merchandise,Main production Site,60%,40%,No,259,[blank]
"Zhejiang Great Star Industrial Co., Ltd NO1 BUILDING NO. 11 QIHUIChangan RD",24.31084336,117.9818008,[blank],Town,Haining,China,General Merchandise,Main production Site,50%,50%,Yes,754,Shenzhen
CO.LTD,24.42034582,119.0739148,"No.5, Xinguangsi Road Qianfeng Zhujiang",[blank],Guangzhou,China,General Merchandise,Main production Site,74%,26%,Yes,980,Shenzhen
"Hefei Hualing Co., Ltd.",25.55848242,118.6158125,176 JINXIU ROAD,HEFEI ECO & TECH DEV ZONE Hefei,[blank],China,General Merchandise,Main production Site,46%,54%,Yes,2220,Shenzhen
"Linhai Nianfeng Houseware Co., Ltd.",25.57722174,118.2001325,DITIANLIU DATIAN SUB-DISTRICTLinhai,[blank],Linhai,China,General Merchandise,Main production Site,67%,33%,Yes,12,Shenzhen
Hoang Hung Co Ltd,1,1,PHU TAI INDUSTRIAL PARKTRAN QUAN DIEU WARD,[blank],Qui Nhon,Vietnam,General Merchandise,Main production Site,40%,60%,Yes,210,[blank]
"Global Furniture (Zhejiang) Co., Ltd",25.40558843,118.5772082,"Sunny Functional Industrial Zone,",[blank],Anji County,China,General Merchandise,Main production Site,61%,39%,Yes,975,Shenzhen
Synergy Wood Products Sdn Bhd,1,1,"PTD 4959,",KAWASAN PERINDUSTRIAN,Muar,Malaysia,General Merchandise,Main production Site,84%,16%,No,130,[blank]
"Zhuhai Golex Co., Ltd",24.9629495,119.2413385,NO. 12 PING BEI 1ST ROADNan Ping Industrial Estate Zhuhai,[blank],[blank],China,General Merchandise,Main production Site,41%,59%,Yes,54,Shenzhen
"Fujian Oulaide Furniture Co., Ltd",24.78021547,118.7187443,HIGH TECHNOLOGY INDUSTRYNANJING PART COUNTY,[blank],Zhangzhou,China,General Merchandise,Main production Site,57%,43%,Yes,58,Shenzhen
"House And Home Co.,Ltd",24.62443766,118.9067637,"NO. 15, WEST FUMING ROADXike Town",[blank],Xiamen,China,General Merchandise,Main production Site,54%,46%,Yes,272,Shenzhen
"CO.,LTD",25.51282455,118.0084595,No.5 Nanpu RD,Beidou Industrial Garden,Zhangzhou,China,General Merchandise,Main production Site,51%,49%,Yes,98,Shenzhen
China Artisans Limited,24.28404571,118.669483,Fucao Village,Yong'an Town,ZhaoQing,China,General Merchandise,Main production Site,55%,45%,Yes,77,Shenzhen
LTD,25.2298582,118.6682084,CHENG DONG DEVELOP AREAHuang Gang Town,[blank],Chou Zhou,China,General Merchandise,Main production Site,41%,59%,Yes,34,Shenzhen
"Suzhou lucky Intelligent technology Co., Ltd No.3-4 Building",24.55196753,119.4915153,No.78 Yangjia Road,[blank],KUNSHAN,China,General Merchandise,Main production Site,42%,58%,Yes,118,Shenzhen
Malzine Co Ltd,1,1,79-6 CHAO-AN LANE,Chao-an Li,Lukang Town,Taiwan,General Merchandise,Main production Site,50%,50%,No,60,[blank]
Xiamen Golden Delta Special Weaving Co,25.24304649,118.1165171,[blank],"No. 377, ShanBian Road Dongfu Town",Xiamen,China,General Merchandise,Main production Site,65%,35%,Yes,315,Shenzhen
"Ningbo Abby Pet Products Co., Ltd",24.23048947,117.7797096,[blank],NO.8 JIN AN ROAD,Ningbo,China,General Merchandise,Main production Site,31%,69%,Yes,52,Shenzhen
Zhejiang Lvlin Technics Co Ltd,24.7939452,117.5924433,[blank],"No88, Jintang Rd",Jinhua,China,General Merchandise,Main production Site,48%,52%,Yes,182,Shenzhen
"Shaoxing Yongfeng Stationery Co., Ltd.",25.32971421,118.5821273,[blank],SHUANGYANG VILLAGE,Shaoxing,China,General Merchandise,Main production Site,22%,78%,Yes,98,Shenzhen
M/S SPORTING SYNDICATE PVT. LTD,1,1,[blank],KAPURTHALA MAIN HIGHWAYVill Waryana ROAD,Chandigarh RegionIndia,India,General Merchandise,Main production Site,56%,44%,Yes,415,[blank]
"Linhai Aote Leisure Products Co., Ltd",24.65656721,118.7380458,[blank],"No. 258, Datian Road",Linhai,China,General Merchandise,Main production Site,57%,43%,Yes,607,Shenzhen
"Shandong Yongxu Odoor Leis Furn Co,Ltd",24.20739436,118.68999,[blank],South of Tangzi Village Quanpu Economic Park,Jining,China,General Merchandise,Main production Site,29%,71%,Yes,311,Shenzhen
"Phu Khang Phat Co.,Ltd",1,1,[blank],TAN CANG HAMLET,BIEN HOA,Vietnam,General Merchandise,Main production Site,50%,50%,Yes,173,[blank]
"YOTRIO GROUP CO., LTD",25.15109347,118.0543808,[blank],No.1,Linhai,China,General Merchandise,Main production Site,54%,46%,Yes,1764,Shenzhen
"Fujian Dehua You-Young Crafts Co.,Ltd",25.51413533,118.6029118,[blank],CHENGDONG INDUSTRY AREAXUNZHONG TOWN,Quanzhou,China,General Merchandise,Main production Site,45%,55%,Yes,94,Shenzhen
"Shenzhen Vigorhood Electronics Co., Ltd No.2 Longshan 8th Road Luotian Community, Yanlou St Shenzhen",25.08233553,118.5995637,[blank],[blank],[blank],China,General Merchandise,Main production Site,52%,48%,Yes,330,Shenzhen
"CO.,LTD",24.0447287,118.270892,[blank],24 Jinyu Village,Nantong,China,General Merchandise,Main production Site,14%,86%,Yes,36,Shenzhen
Zhejiang DeShuo Electric Appliance Co,23.99884018,118.45872,"No. 50  DongguanChina City, ChinaGM Main production Site 26% 74% 223 Yes","Weijian Road, Fei''eling, Shangyuan Village, ChashanDongguan Town",[blank],China,General Merchandise,Main production Site,26.00%,74.00%,Yes,831,Shenzhen
Changzhou Wujing Great Wall Tools Co Ltd No. 12 Fengming Road Hi-Tech Development Zone,24.16426624,118.1625685,[blank],[blank],Changzhou,China,General Merchandise,Main production Site,50%,50%,Yes,94,Shenzhen
Rica Design Pte Ltd,24.74252189,118.1479208,[blank],XINZHOU THORP,Dongguan,China,General Merchandise,Main production Site,59%,41%,Yes,299,Shenzhen
Shanghai Dongwei Elec Appliance Co Ltd,25.45717909,118.889952,[blank],"NO.1, LANE 202 MAOSHENGSongjiang ROAD",Shanghai,China,General Merchandise,Main production Site,18%,82%,Yes,51,Shenzhen
Wuyi County Yatai Elec Appliance Co.Ltd NO.18 ZHENXING WEST STREETJIANGBIN INDUSTRIAL ZONE Wuyi County China,24.99820907,118.6723786,[blank],[blank],[blank],China,General Merchandise,Main production Site,60%,40%,Yes,70,Shenzhen
Positec Machinery Zhangjiagang,24.50226869,118.488472,Co.Ltd,NO.9 HAIXIN ROAD,Suzhou,China,General Merchandise,Main production Site,43%,57%,Yes,803,Shenzhen
"Yancheng Yihua Electromechanical Co, Ltd NO.7,",23.95322843,118.9162599,[blank],[blank],Yancheng,China,General Merchandise,Main production Site,40%,60%,Yes,30,Shenzhen
"Positec Technology (China) Co., Ltd",24.25048625,118.8144844,[blank],NO. 18 DONGWANG ROADSUZHOU INDUSTRIAL PARK,Suzhou,China,General Merchandise,Main production Site,58%,42%,Yes,906,Shenzhen
"ZhengYang Technology Co., Ltd.",25.17512734,117.7259583,[blank],"No.558, Greatwall East RoadEconomic Development Zone Jinhua",[blank],China,General Merchandise,Main production Site,55%,45%,Yes,465,Shenzhen
"Zhejiang Swirl Wind Tools Made Co.,Ltd. No 2 Hengu Road",24.86296798,118.9046394,[blank],[blank],Yong Kang,China,General Merchandise,Main production Site,57%,43%,Yes,180,Shenzhen
"Lida Electromechanic Co.,Ltd",24.18665048,119.0228079,[blank],No 685 Development ZoneEconomic Road,[blank],China,General Merchandise,Main production Site,55%,45%,Yes,473,Shenzhen
"Zhejiang Minglei Tool Industrial Co.Ltd. NO. 188, YINDONG NORTHBINHAI ROAD INVESTMENT & Ningbo",24.60988324,117.8906293,[blank],[blank],[blank],China,General Merchandise,Main production Site,45%,55%,Yes,477,Shenzhen
Triple Power Sports Products Inc,24.65876086,118.9300728,[blank],Shung Miao Industrial EstateHuai Te Village,Dongguan,China,General Merchandise,Main production Site,46%,54%,Yes,610,Shenzhen
Changzhou Wujin Dacheng Ind & Trd Co.Ltd NO. 1 NORTH OF XIZHEN NiutangROAD,24.92597349,118.6694954,[blank],[blank],Changzhou,China,General Merchandise,Main production Site,18%,82%,Yes,67,Shenzhen
Ningbo Xiecheng Power Tools Co Ltd,24.94228567,118.9487936,[blank],CHUNHU TOWN,Ningbo,China,General Merchandise,Main production Site,55%,45%,Yes,233,Shenzhen
Jinhua Leeyoung Hardware Man,25.64249641,118.6132637,[blank],No 1299 Dayan Road,Jinhua,China,General Merchandise,Main production Site,47%,53%,Yes,98,Shenzhen
Junan Willow Handcrafts Factory,24.80515278,117.7200518,[blank],MEISHAN ROAD,Linyi,China,General Merchandise,Main production Site,22%,78%,Yes,60,Shenzhen
Shanghai Rongding Tools Ltd.,24.80346425,118.9975899,[blank],"BUILDING 6&7,",Shanhai,China,General Merchandise,Main production Site,29%,71%,Yes,17,Shenzhen
"Jiashan Chengyuan Funiture Co.,Ltd",25.01136357,119.1507191,[blank],NO.5 KAPA ROAD,Jiaxing,China,General Merchandise,Main production Site,58%,42%,Yes,343,Shenzhen
Jiangsu Hehui Power Tool Co Ltd,24.47076309,118.7058953,"No.909, Lingfeng Road Huashi Economic Dev Zone",[blank],Nantong,China,General Merchandise,Main production Site,19%,81%,Yes,198,Shenzhen
"FINE OCEAN HARDWARE(HU ZHOU) CO.,LTD",24.1801972,118.4959721,JIHUA ROAD,OVERSEAS INVESTABLE ZONE,Huzhou,China,General Merchandise,Main production Site,52%,48%,Yes,90,Shenzhen
"SHIN HERNG YANG CO., LTD",1,1,"220,","Xizhou Rd., Shengang",Shenkeng DistrictTaiwan,Taiwan,General Merchandise,Main production Site,44%,56%,No,18,[blank]
"Tien Hung Co.,Ltd",1,1,BINH CHUAN,31 STREET,Binh Chuan WardVietnam,Vietnam,General Merchandise,Main production Site,53%,47%,Yes,769,[blank]
Guangtai (Furniture) Dongguan Co. Ltd.,25.25572064,118.4574272,"Room 101, Building 1, No.116,Chonghe Tiesong Village Road, Qingxi Town,Dongguan China GM Main production Site 55%",[blank],[blank],China,General Merchandise,Main production Site,55%,45%,Yes,141,Shenzhen
Xiamen Fucheng Sports Goods Co Ltd,24.53396486,118.7996507,Heshan Village,Xinmin Town,Xiamen,China,General Merchandise,Main production Site,51%,49%,Yes,99,Shenzhen
"Xiamen K-Power Sports Co., Ltd",24.89138049,118.3937204,"NO. 53, TONGMING ROADTong'an District",[blank],Xiamen,China,General Merchandise,Main production Site,74%,26%,Yes,792,Shenzhen
INTERMEBLE SP. Z.O.O. SP.K,1,1,"Intermeble SpZoo SP.k. 18,Sompolinek",[blank],Sompolno 62-610Poland,Poland,General Merchandise,Main production Site,55%,45%,Yes,660,[blank]
Henglin Home Furnishings Co Ltd,24.49058425,118.0712949,SUNSHINE INDUSTRY ZONEUnit 3,[blank],Anji,China,General Merchandise,Main production Site,55%,45%,Yes,1973,Shenzhen
LTD.,25.65563437,118.4657706,"No. 2, Baosheng Road",Baijiao Industrial Park,Zhangzhou,China,General Merchandise,Main production Site,53%,47%,Yes,427,Shenzhen
"Jiangxi Ruijing Home Decoration Co., Ltd SHUIDONG ROAD",24.58629284,118.4503309,[blank],XINFENG INDUSTRIAL ZONE,Ganzhou,China,General Merchandise,Main production Site,67%,33%,Yes,90,Shenzhen
"Crisal - Cristalaria Automática, SA",1,1,Zona Industrial Casal da LebreLote 1 - 2431-903 Marinha Grande Portugal,[blank],[blank],Portugal,General Merchandise,Main production Site,62%,38%,Yes,484,[blank]
"Zhejiang Haoguo Furniture Co., Ltd",24.46867661,119.1991858,"Anji Economic Dev Zone, Tangpu,",[blank],Anji,China,General Merchandise,Main production Site,64%,36%,Yes,389,Shenzhen
"Wuxi Little Swan Electric Co., Ltd",25.10665298,117.6697334,"No. 50  DongguanChina City, ChinaGM Main production Site 26% 74% 223 Yes","Weijian Road, Fei''eling, Shangyuan Village, ChashanDongguan Town",Dongguan,China,General Merchandise,Main production Site,26%,74%,Yes,223,Shenzhen
Jiangsu Zhongheng Pet Articles Ltd,24.83106382,117.8703507,NO.1388 CENTURY AVENUEYAN DU DISTRICT,[blank],Yancheng,China,General Merchandise,Main production Site,39%,61%,Yes,1012,Guangzhou
Eagle Vallage Int Co Ltd,1,1,"NO. 302-3, SEC. 2",HUANZHONG RD.,Taichung,Taiwan,General Merchandise,Main production Site,17%,83%,No,6,[blank]
Jiangmen Jinhuan Electrical Co Ltd,24.70913016,118.7109565,"#1#2#3#5, No. 11, DongxingHecheng Road Town, Heshan Jiangmen City China",[blank],[blank],China,General Merchandise,Main production Site,44%,56%,Yes,195,Guangzhou
Jiangxi Dengshi Garden Group Corp.,25.04888545,119.005613,PART A INDUSTRIAL,Jingan County,Yichun,China,General Merchandise,Main production Site,36%,64%,Yes,45,Guangzhou
Pt Royce Enterprise Co Ltd,1,1,JI HANG KESTURI LOT B NO37-38 KAWASAN TAIWAN IND PARKBatam,[blank],[blank],Indonesia,General Merchandise,Main production Site,60%,40%,Yes,439,[blank]
Dongguan Tung Fat Toy Fty.Co. Ltd,24.9576103,118.8998738,"Room 101, Building 1, No.1436Changan section",[blank],Dongguan,China,General Merchandise,Main production Site,41%,59%,Yes,360,Guangzhou
Aydin Tekstil tic.ve.paz.as,1,1,Ikitelli OSB Turgut oZAL NoBasaksehir 3,[blank],Istanbul,Turkey,General Merchandise,Main production Site,73%,27%,Yes,874,[blank]
"Pj Chonburi Parawood Co., Ltd.",1,1,"928/1, MU 1 T.",KLONGKEW A,Banbung,Thailand,General Merchandise,Main production Site,66%,34%,Yes,708,[blank]
Buoyant Upholstery,1,1,Oak Bank Mill,Hallam Road,Nelson,United Kingdom,General Merchandise,Main production Site,76%,24%,Yes,626,[blank]
Highgrove Beds Ltd,1,1,"Headlands Road,",Liversedge,Liversedge,United Kingdom,General Merchandise,Main production Site,92%,8%,No,239,[blank]
"Dongguan Hongkun Household Co., LTD",24.21276441,118.9585028,No.13. Luyi 2nd Road. Keyuancheng.Tangxia Town. Dong guan,[blank],[blank],China,General Merchandise,Main production Site,54%,46%,Yes,41,Guangzhou
CO. LTD,24.92645059,118.7180412,"LUGUANG BRIDGE, HENGXIHENGXI VILLAGE TOWN, YINZHOU DISTRICTNINGBO CITY China GM",[blank],[blank],China,General Merchandise,Main production Site,23%,77%,Yes,93,Guangzhou
"Elega Garden Solution(Ningbo)CO.,LTD",25.0034668,117.6040512,"No. 46, Binhai Ave.,",Sino-Italy Ningbo Ecological Ningbo,[blank],China,General Merchandise,Main production Site,60%,40%,Yes,345,Guangzhou
"HUNAN FUNGDELI CERAMICS CO., LTD",24.90071697,117.8495061,"CHABUTANG VILLAGE,SIFENLILING TOWN, CITY, HUNAN PROVINCELILING CITY China GM",[blank],[blank],China,General Merchandise,Main production Site,35%,65%,Yes,489,Guangzhou
BSH Ventures PVT ltd,1,1,"4B-1,Block “B”",Bepz - Biyagama,Gamapha,Sri Lanka,General Merchandise,Main production Site,52%,48%,Yes,174,[blank]
Ltd.,24.71710804,118.9846177,No. D4-2 Area,North of Railway Station,Chaozhou,China,General Merchandise,Main production Site,61%,39%,Yes,236,Guangzhou
Huei Tyng Enterprise Co Ltd-Zhangbin,1,1,"No. 18, Zhangbin W. 2nd XianxiRd.,","Township,",Changhua CountyTaiwan,Taiwan,General Merchandise,Main production Site,72%,28%,No,86,[blank]
GEMELLI SALOTTI,1,1,VIA VIRGILIO 7,[blank],VILLANOVA (FORLI')Italy,Italy,General Merchandise,Main production Site,60%,40%,Yes,15,[blank]
Krosnienskie Huty Szkla Krosno S.A.,1,1,ul 13 Tysiaclecia Str.,[blank],Krosno,Poland,General Merchandise,Main production Site,53%,47%,Yes,1610,[blank]
Morgan Furniture LLC,1,1,12 Industrialna St,[blank],Rivne oblast,Ukraine,General Merchandise,Main production Site,54%,46%,Yes,1087,[blank]
WOODMAN OU,1,1,MAO PAIDE VALD JARVAMAA,[blank],Mao,Estonia,General Merchandise,Main production Site,65%,35%,No,51,[blank]
"K-tronics(Su Zhou) Technology Co.,LTD",24.90047825,117.7091148,"No.1088 Dajing Road, EconomicWujiang",[blank],"District,Suzhou City, suzhou China GM",China,General Merchandise,Main production Site,60%,40%,Yes,1876,Guangzhou
LTD,24.51689233,119.391262,"Building 2, No. 111,","Jingu South Road,",Ningbo,China,General Merchandise,Main production Site,34%,66%,Yes,35,Guangzhou
Festa Party Products Mfy. (Zhaoqing) Ltd. East from 16 Tangmei Ind.Duanzhouba Zone,24.82837544,118.7480472,[blank],[blank],Rd Zone 6 Zhaoqing China,China,General Merchandise,Main production Site,28%,72%,Yes,50,Guangzhou
"HCK Refrigeration Tech. Co., Ltd",24.6589834,118.9206841,"1 Ying An Three Road,JunShunde,Foshan,Guangdong,P.R. An, Shunde, C",[blank],[blank],China,General Merchandise,Main production Site,66%,34%,Yes,415,Guangzhou
LIMITED,24.81609822,119.3294875,"Area B,","Zhaoan Industrial District, Zhangzhou City China",[blank],China,General Merchandise,Main production Site,59%,41%,Yes,68,Guangzhou
Wendre Poland Sp. z o.o.,1,1,Al. Milenijna 2,[blank],Kostrzyn nad OdraPoland,Poland,General Merchandise,Main production Site,38%,62%,Yes,186,[blank]
Da Hui Lighting Co Ltd,25.35752296,118.5030347,"No.29, No 48,","Pingnan Industrial area,",Huizhou,China,General Merchandise,Main production Site,24%,76%,Yes,25,Guangzhou
"Xiamen Bincheng Wood Co., Ltd",25.34321782,118.6020648,"No.8, Lianmei 3rd Road, Lianhua Industrial District Xiamen",[blank],[blank],China,General Merchandise,Main production Site,56%,44%,Yes,89,Guangzhou
Guangxi Beiliu Qinglang Porcelain Co. Ltd. Ya Lang Industrial Area Beiliu City,24.10037852,118.5482125,"No. 50  DongguanChina City, ChinaGM Main production Site 26% 74% 223 Yes","Weijian Road, Fei''eling, Shangyuan Village, ChashanDongguan Town",Dongguan,China,General Merchandise,Main production Site,26%,74%,Yes,223,Guangzhou
"HUIZHOU CHUANG MEI FENG TECH CO., LTD",24.51761791,118.9243514,"33 Puxin Road, Lilin Town,Zhongkai High-tech Zone Huizhou",[blank],[blank],China,General Merchandise,Main production Site,24%,76%,Yes,37,Guangzhou
"Shandong Hongda Glassware CO.,Ltd.",24.00075098,118.3425508,"Sujiagou Village, Badou Town,Zibo City, Shandong Province ZZibo China",[blank],[blank],China,General Merchandise,Main production Site,48%,52%,Yes,547,Guangzhou
"NINGBO HOMELINK ECO-ITECH CO., LTD.",25.09502349,119.0949621,"Xingpu Road 296, Xiepu TownZhenhai District,",[blank],Ningbo,China,General Merchandise,Main production Site,50%,50%,Yes,947,Guangzhou
"YVONETEX CO.,LTD",24.20473359,118.0446994,"NO.C building, Huaxia XiongxiIndustrial Park, Lianguang Vil Huizhou China GM",[blank],[blank],China,General Merchandise,Main production Site,29%,71%,No,65,Guangzhou
"& TECH CO., LTD.",25.12396293,117.6668561,"Room 501, building 3, jinyescience and technology park Dongguan China",[blank],[blank],China,General Merchandise,Main production Site,59%,41%,Yes,85,Guangzhou
"Foshan Nanhai Siweiya Glass Co.,Ltd",24.57548481,117.8971581,"Meizhen viaduct side LonggaoRoad,Jiujiang Nanhai foshan",[blank],[blank],China,General Merchandise,Main production Site,64%,36%,Yes,53,Guangzhou
DongGuan ShiChang Metals Factory Ltd.,24.46240888,118.6761225,XiaoBian Village,ChangAn Town,DongGuan,China,General Merchandise,Main production Site,73%,27%,Yes,385,Guangzhou
Shandong Qingsheng Furniture Co. Ltd.,24.39751102,118.8907712,CUILING VILLAGE,FUGUO STREET,BINZHOU CITY,China,General Merchandise,Main production Site,53%,47%,Yes,76,Guangzhou
"Lin'an Weibu Bamboo Products Co., Ltd.",25.05211444,119.4855491,"Sankou Village, Banqiato TownLinan",[blank],Hangzhou,China,General Merchandise,Main production Site,50%,50%,Yes,74,Guangzhou
Pt Suwastama Tumbuemas Sejahtera,1,1,"Slamet Riyadi Street 280 Gumpang,Central Java",[blank],Sukoharjo,Indonesia,General Merchandise,Main production Site,70%,30%,Yes,106,[blank]
Ltd,25.1994109,118.3913267,"No 395 Qihang North Road,Binhai Investment Center, Ningbo",[blank],[blank],China,General Merchandise,Main production Site,48%,52%,Yes,98,Guangzhou
"Chuzhou Donlim Electrical Appliances Co., Ltd NO1777 yanzi east road chuzhou city",24.36830451,118.2050211,[blank],[blank],chuzhou,China,General Merchandise,Main production Site,34%,66%,Yes,960,Guangzhou
"CO.,LTD",24.71152027,118.2773144,ZHEJIANG PROVINCE,Hengxiang Road Wufu Industryshangyu,[blank],China,General Merchandise,Main production Site,46%,54%,Yes,169,Guangzhou
J.R.EXPORTS PVT LTD,1,1,ALIPUR ROAD,KOHAND,KARNAL,India,General Merchandise,Main production Site,95%,5%,Yes,117,[blank]
Big Bazar Corporation,1,1,"No. 18, Alley 7, Lane 195,Yung Fung Road, Tu Cheng Dist.New Taipei City, Taiwan GM Main production Site",[blank],[blank],Taiwan,General Merchandise,Main production Site,16%,84%,No,25,[blank]
Kanodia Global Pvt Ltd.,1,1,"Pasina Khurd Road, Siwah,Panipat-132103, Haryana PANIPAT",[blank],[blank],India,General Merchandise,Main production Site,76%,24%,Yes,483,[blank]
"Dongguan Shangpin Furniture Co.,ltd",24.78480924,119.150322,"No. 149 Southern 2nd street,Qiao Dong Road, Qiao Tou TownDongguan China",[blank],[blank],China,General Merchandise,Main production Site,61%,39%,Yes,83,Guangzhou
"Shun Tai Present Co., Ltd",25.34637521,119.2157789,"Da Lu Group Shun Ju Village,Qiu Chang Town,",[blank],"Hui Yang City, China",China,General Merchandise,Main production Site,56%,44%,Yes,98,Guangzhou
Festa Party Products Mfy (Zhaoqing) Ltd East From 16,24.81496069,117.9139464,[blank],Tangmei Industrial Zone Zone 6Zhaoqing City China,[blank],China,General Merchandise,Main production Site,28%,72%,Yes,50,Guangzhou
Ltd.,25.4910764,119.0879883,"No. 312 LongQuan Road,QuanTang Region, Liao Bu TownDong Guan City China",[blank],[blank],China,General Merchandise,Main production Site,83%,17%,Yes,36,Guangzhou
Hong Fa Handicraft (Huizhou) Co. Ltd.,24.88408815,118.6634597,"Laowu Area , Chanjing Village,Xinxu Town, Huiyang District China China",[blank],[blank],China,General Merchandise,Main production Site,53%,47%,Yes,45,Guangzhou
Lichfield,1,1,Riva Paoletti ltd,T A Evans Lichfield,Lichfield,United Kingdom,General Merchandise,Main production Site,23%,77%,No,44,[blank]
Sengled Optoelectronics Co Ltd,24.83731373,118.908042,Minhe Economic Zone,Wuzhen Town,Tongxiang,China,General Merchandise,Main production Site,43%,57%,Yes,1097,Guangzhou
CO LTD,1,1,"Ngoc Dong IZ,","Hoang Dong commune,",Ha Nam Province Vietnam,Vietnam,General Merchandise,Main production Site,28%,72%,Yes,43,[blank]
"JIANGSU JUNXIA GYM EQUIPMENT CO., LTD",24.7700121,117.9767908,"BINHU AVENUE, PAOCHE DEVELOPMENTECONOMIC",[blank],"ZONE, PIZHOU XuZhouCITY, China GM",China,General Merchandise,Main production Site,43%,57%,Yes,601,Guangzhou
"Cixi Wanlong Electrical Co., Ltd",24.71197352,117.6024548,No. 658,Kaifa East Road,Cixi,China,General Merchandise,Main production Site,46%,54%,Yes,96,Guangzhou
LTD.,24.57728761,118.1688796,"No. 895, Yunda Road,","Industrial Park, Yunlong, Ningbo",[blank],China,General Merchandise,Main production Site,54%,46%,Yes,93,Guangzhou
"Dongguan Chuangzhi Plastic Metal Co., Ltd. No. 10 Xinhui Road Shangjin Village Xinan",25.13430952,119.3641391,"No. 50  DongguanChina City, ChinaGM Main production Site 26% 74% 223 Yes","Weijian Road, Fei''eling, Shangyuan Village, ChashanDongguan Town",Dongguan,China,General Merchandise,Main production Site,26%,74%,Yes,223,Guangzhou
Cat Dang Factory,1,1,"68C DUONG CONG KHI, XUANHoc MOn THOI",[blank],HO CHI MINH CITYVietnam,Vietnam,General Merchandise,Main production Site,57%,43%,Yes,96,[blank]
EASTCO ENTERPRISE (ZHONGSHAN) LIMITED,25.24634806,118.3897159,No. 1 Jun Mei Road,ShenWan Town,Zhong Shan City China,China,General Merchandise,Main production Site,39%,61%,Yes,240,Guangzhou
"Trident Limited (Home Textile Division) Trident Limited Dhaula ComplexMansa Road, Barnala Punjab Barnala India",1,1,[blank],[blank],[blank],India,General Merchandise,Main production Site,79%,21%,Yes,3543,[blank]
Himatsingka Linens,1,1,Plot No1 KIADB IndustrialHanumanthapura Area,[blank],"Post, HassanHassan Go India GM",India,General Merchandise,Main production Site,70%,30%,Yes,6803,[blank]
Wua Han Toys Products (Heyuan) Ltd.,25.21493438,118.1675682,"North 20m To Heyuan RoadGaotang West, Industrial Park, Heyuan",[blank],[blank],China,General Merchandise,Main production Site,69%,31%,Yes,401,Guangzhou
"Dongguan Borui Plastic Technology Co., Ltd. Rm 302, No.382, Liao EastLiaobu Road Town",25.50133959,118.0452709,[blank],[blank],Dongguan,China,General Merchandise,Main production Site,68%,32%,Yes,25,Guangzhou
"Jiande Dihua Decoration Co., Ltd.",24.56217848,118.7127881,"#237 Yanling Road,ChengnanIndustrial Function Area Hangzhou",[blank],[blank],China,General Merchandise,Main production Site,53%,47%,No,148,Guangzhou
BRITA GmbH Bad Camberg,1,1,BRITA GmbH,Robert-Bosch-Str. 10,65520 Bad CambergGermany GM,Germany,General Merchandise,Main production Site,76%,24%,Yes,957,[blank]
LTD,25.23029861,118.1633687,No 18 Hua Hong street Suzhou Industrial Park Suzhou Suzhou,[blank],[blank],China,General Merchandise,Main production Site,56%,44%,Yes,691,Guangzhou
FOSHAN RAYMONS CLOCK & WATCH CO LTD,24.04209001,118.9537905,The third part of LiMeiYi xilian sanjia development zoneFoshan China,[blank],[blank],China,General Merchandise,Main production Site,35%,65%,Yes,17,Guangzhou
Ltd,24.65441596,118.5231019,"5/F, LongXiang Industrial YifaPark 3 Road Pingtan Town Hui Zhou City China GM",[blank],[blank],China,General Merchandise,Main production Site,58%,42%,Yes,60,Guangzhou
JIAXING MODS TRAVEL GOODS CO LTD (NEW),24.44488952,118.0166305,"No.1288 ZIYU ROAD,DAQIAONANHU TOWN, AREA,JIAIXNG . Bdg1 Jiaxing China",[blank],[blank],China,General Merchandise,Main production Site,56%,44%,Yes,84,Guangzhou
XIANHE MANUFACTURING COMPANY LTD,24.81800122,117.7086563,"Room102, Building 2,","No.372, Qiaotou Wenming road,Dongguan City China",[blank],China,General Merchandise,Main production Site,42%,58%,Yes,38,Guangzhou
"Technology Co.,Ltd",24.63768148,118.2429372,"Floor 1-5, No.2 Building Huidebao Industrial Park Shenzhen",[blank],[blank],China,General Merchandise,Main production Site,62%,38%,Yes,129,Guangzhou
"Hoang Phat Co., Ltd.",1,1,"Lot B16, Phu Tai IP",Tran Quang Dieu Ward,Qui Nhon,Vietnam,General Merchandise,Main production Site,37%,63%,Yes,259,[blank]
"MACHINERY CO., LTD",24.26494838,117.9924952,"No.35 Aigehao Rd., XiangchengDistrict, Suzhou, China Suzhou",[blank],[blank],China,General Merchandise,Main production Site,52%,48%,Yes,44,Guangzhou
"Ningbo Huige Outdoor Products Co.,Ltd",25.51480924,118.1027838,"No.333 Tianhai Road,",Binhai New Area,Ningbo,China,General Merchandise,Main production Site,68%,32%,Yes,526,Guangzhou
LTD,24.54346652,119.4356309,"NO.2 Shencun Industrial ZoneBeisha, Lishui Town, Nanhai DistrictFoshan China GM",[blank],[blank],China,General Merchandise,Main production Site,53%,47%,Yes,163,Guangzhou
LIMITED,24.66201415,119.3580254,"Block 2, No.13, Lefeng FourthRoad, Maohui Industrial Park, Zhongshan China GM",[blank],[blank],China,General Merchandise,Main production Site,48%,52%,Yes,50,Guangzhou
Zhejiang Bounsun Plastic Co Ltd,25.24923302,118.1119258,"NO.9, HUAQIAN ROAD, PINGQIAOTOWN, TIANTAI, ZHEJIANG, CHINATIANTAI China",[blank],[blank],China,General Merchandise,Main production Site,45%,55%,Yes,91,Guangzhou
"ANKANG COMATE TECHNOLOGY CO.,LTD",24.7582578,118.8322031,"The Northwest electronicinformation Park,North end of Industrial Zones China GM",[blank],[blank],China,General Merchandise,Main production Site,41%,59%,Yes,101,Guangzhou
"Ningbo First Outdoor Goods Co.,Ltd",24.4706808,119.0442954,"No.15 Lixin Road, Xiaogang,Dutoudong Industry Park NINGBO",[blank],[blank],China,General Merchandise,Main production Site,30%,70%,Yes,67,Guangzhou
"CO.,LTD",24.30068947,119.213805,"XiaZhuangLu New Village,TongyuStreet,Luqiao District,Taizhou Taizhou City China GM Main production Site",[blank],[blank],China,General Merchandise,Main production Site,59%,41%,Yes,88,Guangzhou
Homestar furniture Corporation,24.17796968,118.1534048,"Homestar Industrial CampusTongyuan Avenue, Shangang areaFuzhou China",[blank],[blank],China,General Merchandise,Main production Site,54%,46%,Yes,237,Guangzhou
"ANJI LONGWIN FURNITURE CO.,LTD",25.16807548,118.2123428,"No.3257 Yunhong WestRoad,Tangpu Industry Zone",[blank],Anji,China,General Merchandise,Main production Site,53%,47%,Yes,422,Guangzhou
"Youwei daily necessities(Heyuan) Co Ltd No 2 , Yongsheng Rd,",24.8551762,118.6734347,"No. 50  DongguanChina City, ChinaGM Main production Site 26% 74% 223 Yes",Dongguan,[blank],China,General Merchandise,Main production Site,26.00%,74.00%,Yes,96,Guangzhou
"CIXI XINLUN ELECTRICAL APPLIANCE CO.,LTD NO.373 XINXIN ROAD, XINPUZHEJIANG,CHINA TOWN",24.5613406,117.6941824,[blank],[blank],Ningbo,China,General Merchandise,Main production Site,67%,33%,Yes,94,Guangzhou
"Laiwu Lemei Handicraft Co., Ltd",24.90042729,117.6556198,South of No. 2 Miaoshan MiaoshanVillage,[blank],JINAN,China,General Merchandise,Main production Site,38%,63%,Yes,96,Guangzhou
"TAIZHOU SUNUP TECH. CO., LTD.",25.26052817,118.9022853,"5# Hengxing Road, Beiyang,Huangyan,",[blank],"Taizhou City,",China,General Merchandise,Main production Site,48%,52%,Yes,82,Guangzhou
KP1,1,1,ESKISEHIR YOLU 8 KM,MERKEZ,KUTAHYA,Turkey,General Merchandise,Main production Site,61%,39%,Yes,533,[blank]
Co. LTD,25.09770611,118.983765,"N0, 289 Renmin Road",Maji Town,Nanjing City,China,General Merchandise,Main production Site,17%,83%,Yes,452,Guangzhou
YANGZHOU KANGLONG GLASS,25.08558463,117.8514533,Santuan Village,Anyi,Yangzhou City,China,General Merchandise,Main production Site,17%,83%,Yes,58,Guangzhou
"Zhangzhou Yifeng Time Co., Ltd.",24.10268023,118.3475775,NO.24 HUIMING ROAD,COMMUNITY JINFENG INDUSTRIALZHANGZHOU CITYChina,[blank],China,General Merchandise,Main production Site,38%,62%,Yes,13,Guangzhou
"CHANGZHOU BOER PLASTIC CO.,LTD",25.03145357,117.6117695,"No.65 Longyi Road,",Wujin High Tech Industrial Changzhou,[blank],China,General Merchandise,Main production Site,51%,49%,Yes,99,Guangzhou
LIMITED,24.89019164,118.464268,"Jingsheng Road,","Jingzhi Town, Anqiu",weifang,China,General Merchandise,Main production Site,22%,78%,Yes,46,Guangzhou
Kingwell Toys (Guangdong) Company Limited The South Of Dongguan Shijie(Xingning) Industry Area Xingning China,24.61529471,119.18195,[blank],[blank],[blank],China,General Merchandise,Main production Site,21%,79%,Yes,89,Guangzhou
FABRYKA MEBLI MEBLOSIEK SP. Z O.O.,1,1,KOLONIA OSIEK,"98-405 GALEWICE,",GALEWICE,Poland,General Merchandise,Main production Site,60%,40%,No,244,[blank]
"Co.,Ltd.",24.95763708,119.0226669,"Jiutan North DevelopmentYuanzhou Area,",[blank],[blank],China,General Merchandise,Main production Site,57%,43%,Yes,150,Guangzhou
"TULIP HOME TEXTILE CO., LTD",24.53607761,118.3917032,"99 Huashihu Road,","Yangchenghu Town, Suzhou,ChinSuzhou",[blank],China,General Merchandise,Main production Site,41%,59%,Yes,482,Guangzhou
Yingfu (Jiangxi) Intelligence Electric,25.46895579,119.0654104,"Blocks #4#5#6, Area EF, AnyuanCounty Industrial New Zone Ganzhou China",[blank],[blank],China,General Merchandise,Main production Site,67%,33%,Yes,78,Guangzhou
"ZHEJIANG FLY CUP CO.,LTD",24.28941378,118.5720344,No. 98 Xita 3rd Road,No.1198 Songshi West,[blank],China,General Merchandise,Main production Site,52%,48%,Yes,366,Guangzhou
FuKang Group,25.11689061,118.0803222,"Xicheng Road Longgang Town,Demonstration Industry Park Wenzhou China",[blank],[blank],China,General Merchandise,Main production Site,51%,49%,Yes,162,Guangzhou
"Co., Ltd.",24.44180881,117.7309698,"Jiutan North DevelopmentYuanzhou Area,",[blank],[blank],China,General Merchandise,Main production Site,57%,43%,Yes,150,Guangzhou
"PRODUCTS CO., LTD",24.97860612,117.7366228,North of Mashanzhuang VillageCaocheng Street,[blank],Heze,China,General Merchandise,Main production Site,47%,53%,Yes,30,Guangzhou
"Xin Seng San Handicraft (Hui Zhou) Co.,Ltd. Minrong High-tech IndustrialPark, Huidong Avenue, Daling Huizhou City, China GM Main production Site",24.36202845,117.8234203,[blank],[blank],[blank],China,General Merchandise,Main production Site,68%,33%,Yes,40,Guangzhou
Jiangmen Honetian Technology Co Ltd,25.55358842,118.3831381,"No.71, Xinle Third Road Lile",[blank],Jiangmen,China,General Merchandise,Main production Site,47%,53%,Yes,189,Guangzhou
TECHNOLOGY LIMITED,24.8883845,118.5679466,"1 Shixing-Tangxia Joint Development Industrial Park, Shao Guan China",[blank],[blank],China,General Merchandise,Main production Site,29%,71%,Yes,195,Guangzhou
Quanzhou Fengze Yisheng Leather Co Ltd,24.88531118,118.6077253,"No.3 B, South of Xunmei Chengdong",[blank],Quanzhou,China,General Merchandise,Main production Site,41%,59%,Yes,64,Guangzhou
Radiaant Expovision Pvt. Ltd.,1,1,A-70,"Sector-64, Gautam Budha NagarNoida",[blank],India,General Merchandise,Main production Site,79%,21%,Yes,951,[blank]
Limited Company,1,1,"No.21, Tianshui Village Caobu Town, Rudong County Nantong",[blank],[blank],China,General Merchandise,Main production Site,58%,42%,Yes,36,Guangzhou
"Shanghai Worth Industrial Co.,Ltd.",1,1,"No. 2399, Shengang Road,Songjiang District Shanghai, Shanghai",[blank],[blank],China,General Merchandise,Main production Site,57%,43%,Yes,82,Guangzhou
Ltd,1,1,"Third of No.1,8th TechnologyRoad,Xingtan Industrial Park, Foshan China",[blank],[blank],China,General Merchandise,Main production Site,51%,49%,Yes,182,Guangzhou
Indo Count Industries Ltd Bhilad,1,1,191 192,Mahala Falia Village Bhilad,Dist Valsad Bhilad,India,General Merchandise,Main production Site,81%,19%,Yes,1975,[blank]
Melrose Interiors Ltd,1,1,"No. 50  DongguanChina City, ChinaGM Main production Site 26% 74% 223 Yes","Weijian Road, Fei''eling, Shangyuan Village, ChashanDongguan Town",Dongguan,China,General Merchandise,Main production Site,26%,74%,Yes,223,Guangzhou
"SHANGHAI BANJIN INDUSTRIAL CO.,LTD",1,1,No 2558 HuHang Road,"Fengxian District ,shanghai shanghai",[blank],China,General Merchandise,Main production Site,44%,56%,Yes,108,Guangzhou
Primacy Industries Limited,1,1,"PLOT 314-315 , GIDC , MITHI ROHAR TALUK",[blank],KUTCH,India,General Merchandise,Main production Site,24%,76%,Yes,428,[blank]
"WUXI RONGXIN PACKAGING XISHAN CO.,LTD",1,1,"31st, Furong Western 4thXiShan RD,",[blank],Economic DevelopmentWUXI,China,General Merchandise,Main production Site,35%,65%,Yes,54,Guangzhou
"CO.,LTD",1,1,"No.2 Lijin Road, Xialang Qiaofeng Industrial District Dongguan China",[blank],[blank],China,General Merchandise,Main production Site,52%,48%,Yes,52,Guangzhou
"CRAFTS MANUFACTURE CO.,LTD",1,1,No.9 Wenxing Road,Cultural & Tourism Products I Jinhua City China,[blank],China,General Merchandise,Main production Site,37%,63%,Yes,160,Guangzhou
Ltd.,1,1,43# Kengwei Road,Tianxin IndustrialZoneShang WuShenzhen,[blank],China,General Merchandise,Main production Site,70%,30%,Yes,50,Guangzhou
Dong Guan Fragrance Company Ltd.,1,1,The 5th Zhifu Road,Mowu District,Dongguan,China,General Merchandise,Main production Site,31%,69%,Yes,42,Guangzhou
"Dongguan D d Plastic Co., Ltd.",1,1,First Industrial District Caibai Village,[blank],Dongguan,China,General Merchandise,Main production Site,50%,50%,Yes,155,Guangzhou
"Xiamen Lv Yue Outdoor Equipment Co., Ltd NO.12-16 TIANYANG ROADJIMEI NOTRTH INDUSTRIAL ZONEXiamen",1,1,[blank],[blank],[blank],China,General Merchandise,Main production Site,41%,59%,Yes,274,Guangzhou
Ltd.,1,1,31# South 5 Street,"Qiaodong Road, Wuxia",Dongguan,China,General Merchandise,Main production Site,45%,55%,Yes,133,Guangzhou
Duni Poland S.p.z.o.o,1,1,Ul.,Syrenia 4,Poznan,Poland,General Merchandise,Main production Site,41%,59%,No,357,[blank]
"HUEI TYNG ENTERPRISE CO., LTD",1,1,[blank],30 KUNG YEH ROADFANG YUAN,CHANGHUA COUNTYTaiwan,Taiwan,General Merchandise,Main production Site,57%,43%,No,72,[blank]
"Eastern Chinaware Co., Ltd.",1,1,108 Moo 5 Romlkao RoadLardkrabang,[blank],Bangkok,Thailand,General Merchandise,Main production Site,25%,75%,Yes,299,[blank]
"Fujian Eagle Cultural & Creative Co Ltd No.12, Shuangyue Road Shuangyue Industrial Zone Fuding",1,1,[blank],[blank],[blank],China,General Merchandise,Main production Site,47%,53%,Yes,520,Guangzhou
Enfix Metal Inc,1,1,Kuiqing Rd,Jinqiao Industrial ZoneQingxi Dongguan,[blank],China,General Merchandise,Main production Site,56%,44%,Yes,278,Guangzhou
Anhui Xiazhen Down & Feather Co Ltd,1,1,988Tongan,Road,Tongcheng City China,China,General Merchandise,Main production Site,12%,88%,Yes,145,Guangzhou
Faze Three Ltd. - Dadra,1,1,356/1 & 2,village Dadra,Dadra,India,General Merchandise,Main production Site,76%,24%,Yes,926,[blank]
"FuKang Group Co., Ltd(Amscan)",1,1,Xi Cheng Road,Model Industry Zone,Wenzhou,China,General Merchandise,Main production Site,51%,49%,Yes,162,Guangzhou
Fleming International Ltd.,1,1,"Lot 103/2, Factory No.16 Street 5, Amata Industrial Park Vietnam, Vietnam GM",[blank],[blank],Vietnam,General Merchandise,Main production Site,44%,56%,Yes,1515,[blank]
Limited,1,1,"No.1, 8th Technology RoadXingtan Industrial Park Foshan",[blank],[blank],China,General Merchandise,Main production Site,51%,49%,Yes,182,Guangzhou
Faze Three Ltd. - Dapada,1,1,380/1,Khanvel Silvassa Road,Dapada,India,General Merchandise,Main production Site,70%,30%,Yes,488,[blank]
Faze Three Ltd - Panipat,1,1,Jatal Road,Anand NagarNear Old Canal Panipat,[blank],India,General Merchandise,Main production Site,98%,2%,Yes,400,[blank]
Ltd,1,1,Maxin Industrial Zone Xingpu Road,[blank],Zhongshan,China,General Merchandise,Main production Site,70%,30%,Yes,902,Guangzhou
Guandaxing Incorporated Co.,1,1,Guandaxing Industrial ParkWuli Industry Zone,[blank],Jinjiang,China,General Merchandise,Main production Site,60%,40%,Yes,277,Guangzhou
Guangzhou Jiawang Paper Product Co Ltd,1,1,"301, No.1 North Side of theGasStationQiaoxingGuangzhuRoadGuangzhou China GM",[blank],[blank],China,General Merchandise,Main production Site,33%,67%,Yes,30,Guangzhou
"Glory Moon Paper Products Co., Ltd.",1,1,Ying Dong Industrial ZoneDong Hua Town,[blank],Ying De City,China,General Merchandise,Main production Site,36%,64%,Yes,1067,Guangzhou
Gul Ahmed Textile Mills Ltd,1,1,Plot # 368,369 Main National Highway Karachi,[blank],Pakistan,General Merchandise,Main production Site,82%,18%,Yes,2847,[blank]
Hape International (Ningbo) Ltd,1,1,9-27 Nanhai Road,Dagang Industrial City,Beilun City,China,General Merchandise,Main production Site,38%,62%,Yes,742,Guangzhou
Guangdong Sunrise Houseware Corp Ltd.,1,1,Jinsha Qiao Jin Road,Xin An Industries,Foshan,China,General Merchandise,Main production Site,61%,39%,Yes,296,Guangzhou
THUMBS UP LTD.,1,1,"No. 50  DongguanChina City, ChinaGM Main production Site 26% 74% 223 Yes","Weijian Road, Fei''eling, Shangyuan Village, ChashanDongguan Town",Dongguan,China,General Merchandise,Main production Site,26%,74%,Yes,223,Guangzhou
Ltd,1,1,Li Hu Town,Pu Ning City,Guangdong,China,General Merchandise,Main production Site,18%,82%,Yes,38,Guangzhou
"JEWELRY CO., LTD",1,1,Xihua Village,Songxia Town,Shaoxing,China,General Merchandise,Main production Site,11%,89%,No,37,Guangzhou
HUAI AN THC PLASTIC COMPANY (Tar Hong),1,1,"NO.9 HONGSHENG ROAD,ECONOMIC&TECHNOLOGICAL HUAIAN",[blank],HuaianZONE,China,General Merchandise,Main production Site,60%,40%,Yes,244,Guangzhou
"Huizhou D&S Cable Co., Ltd. (DNS)",1,1,Dong Jiang Industrial ZoneLongjin,[blank],Huizhou,China,General Merchandise,Main production Site,51%,49%,Yes,728,Guangzhou
"Hunan Xianfeng Ceramic Industry Co., Ltd Gujialing",1,1,[blank],Wangxian TownLiling County Zhuzhou City,[blank],China,General Merchandise,Main production Site,22%,78%,Yes,1118,Guangzhou
Huizhou Gift International Greetings Ltd. Fuda Industrial Zone Futian TownBoluo County,1,1,[blank],[blank],Huizhou,China,General Merchandise,Main production Site,60%,40%,Yes,365,Guangzhou
International Greetings UK Ltd,1,1,Penallta Industrial Est. Ystrad Mynach,[blank],Hengoed,United Kingdom,General Merchandise,Main production Site,79%,21%,Yes,199,[blank]
John Cotton,1,1,NUNBROOK Mills,Huddersfield Road,MIRFIELD,United Kingdom,General Merchandise,Main production Site,61%,39%,Yes,253,[blank]
Ltd,1,1,"No.9, Jinwei East Road Wangniudun Town",[blank],Dongguan,China,General Merchandise,Main production Site,37%,63%,Yes,321,Guangzhou
"Guangdong Jinlong Industrial Co., Ltd",1,1,"No.105, Zhenxing AvenuePengjiang District",[blank],Jiangmen,China,General Merchandise,Main production Site,53%,47%,Yes,468,Guangzhou
Shenzhen Junlan Electronic Ltd,1,1,"1-5 fl, #277 and 1+5 fl, #279Pingkui Rd, Shijing Community Shenzhen China GM",[blank],[blank],China,General Merchandise,Main production Site,53%,47%,Yes,294,Guangzhou
JVS Export Unit 2,1,1,Madurai integrated textileparkthathampati village T.vadipatti,[blank],[blank],India,General Merchandise,Main production Site,25%,75%,Yes,798,[blank]
Kaiping City Zhantu Plastic Products Co. Ltd Kaizhuang AdministrationShagang District,1,1,[blank],[blank],Kaiping City,China,General Merchandise,Main production Site,34%,66%,Yes,74,Guangzhou
Ltd,1,1,No. 8 Road,Yudong Industrial ZoneYangdongYangjiang,[blank],China,General Merchandise,Main production Site,49%,51%,Yes,49,Guangzhou
"Dongguan Lengjer Metal & Plastic Co., Ltd No.2 XIANFEN RD.",1,1,[blank],"188 Industrial Area,Ping-Shan Dongguan",[blank],China,General Merchandise,Main production Site,46%,54%,Yes,106,Guangzhou
"Ningbo Lisi Houseware Co., Ltd.",1,1,No.518 Chengxin Road,Yinzhou Investment & BusinessNingbo,[blank],China,General Merchandise,Main production Site,45%,55%,Yes,227,Guangzhou
(Amscan Asia),1,1,No.1 Niusheng Road,KengzhiPingshan New District Shenzhen,[blank],China,General Merchandise,Main production Site,33%,67%,Yes,367,Guangzhou
Leedarson Lighting Co Ltd Branch 1,1,1,Xingda Road,Xingtai Industrial Zone,Zhangzhou,China,General Merchandise,Main production Site,42%,58%,Yes,540,Guangzhou
"Lock Kee Plastic Mfg Co., Ltd.",1,1,"1st Building, ShangSheng ChangRoad No.24 An Town Dongguan",[blank],[blank],China,General Merchandise,Main production Site,37%,63%,Yes,79,Guangzhou
"Ningbo Syloon Stationery Co., Ltd",1,1,2 Zhenxing Rd & 29 HuapuQijiashan Rd,Street,Ningbo,China,General Merchandise,Main production Site,29%,71%,Yes,448,Guangzhou
"Guilin Zhanji Home Products Co., Ltd.",1,1,Jinjiping Industrial Park Lipu County,[blank],Guilin,China,General Merchandise,Main production Site,26%,74%,Yes,84,Guangzhou
Guangdong Woodsun Housewares Co Ltd,1,1,Dawang Industrial Park Heshan TownYandong County Yangjiang,[blank],[blank],China,General Merchandise,Main production Site,57%,43%,Yes,175,Guangzhou
Meadowland Giftcraft Factory,1,1,Economic Development ZoneIndustrial Park 2Tang-Keng Mei-Zhou City China,[blank],[blank],China,General Merchandise,Main production Site,61%,39%,Yes,46,Guangzhou
Zhongshan Meitu Industry Ltd.,1,1,No.6 Industrial Area,Nanlang TownNanlang Town,Zhongshan,China,General Merchandise,Main production Site,50%,50%,Yes,458,Guangzhou
CO LTD,1,1,"28th, East District, Hesui IndustrialDongfeng",[blank],"Park,Town Zhongshan City China GM",China,General Merchandise,Main production Site,67%,33%,Yes,6154,Guangzhou
"Manufacturing Co., Ltd",1,1,No 6 Yong An RoadBeijiaoShunde,[blank],Foshan,China,General Merchandise,Main production Site,74%,26%,Yes,4925,Guangzhou
Motormax Industries (Heyuan) Ltd,1,1,"No. 50  DongguanChina City, ChinaGM Main production Site 26% 74% 223 Yes","Weijian Road, Fei''eling, Shangyuan Village, ChashanDongguan Town",Dongguan,China,General Merchandise,Main production Site,26%,74%,Yes,223,Guangzhou
"Zhejiang Nanlong Industry and Trade Co.,Ltd Weng Bu Village No. 666 Jiangnan Street",1,1,[blank],[blank],Yongkang,China,General Merchandise,Main production Site,69%,31%,Yes,402,Guangzhou
Ningbo Hefan Plush Product Co. Ltd.,1,1,1# DAZHONG ROAD,XIAOLIN TOWN,Cixi,China,General Merchandise,Main production Site,20%,80%,Yes,148,Guangzhou
Ltd.,1,1,Xiaoluxia,Simen Industrial ParkYuyao Ningbo,[blank],China,General Merchandise,Main production Site,33%,67%,Yes,285,Guangzhou
"Ningbo Zhongcheng Stationery Co., Ltd.",1,1,50 Jinji Road,XiaogangBeilun,Ningbo,China,General Merchandise,Main production Site,44%,56%,Yes,36,Guangzhou
Festa Party Products Mfy. Ltd,1,1,"East from 16, Tang Mei Industrial Zone, Duanzhouba Zhaoqing",[blank],[blank],China,General Merchandise,Main production Site,28%,72%,Yes,50,Guangzhou
Harvest Industrial Ltd,1,1,No. 9,Hanji Avenue,Guangzhou,China,General Merchandise,Main production Site,42%,58%,Yes,1636,Guangzhou
ShengYun (DG) Electronics Toys Products No. 3 Songgang Henglu QingQing Xi Xi Town,1,1,[blank],[blank],Guangdong,China,General Merchandise,Main production Site,18%,82%,Yes,90,Guangzhou
Ramesh Flowers Private Ltd,1,1,"1/10,1/10/1,2,3,4,5","1/10/6,1/10/7,1/10/9&1/10/10,Tuticorin",[blank],India,General Merchandise,Main production Site,17%,83%,Yes,819,[blank]
"Dongguan Tung Fat Toy Fty. Co., Ltd.",1,1,"Room 101, Building 1, No.1436Changan Section",[blank],Dongguan,China,General Merchandise,Main production Site,41%,59%,Yes,360,Guangzhou
"Huangyan Raysun Arts & Crafts Co.,Ltd",1,1,Qiaotouwang Industry AreaChengjiang,[blank],Huangyan,China,General Merchandise,Main production Site,31%,69%,Yes,62,Guangzhou
SHENHAO CHRISTMAS TREE CRAFTS CO LTD.,1,1,TEAMHOLDINDUSTRIAL AREAShiyan Town,[blank],Shenzhen,China,General Merchandise,Main production Site,53%,47%,Yes,45,Guangzhou
Shanxi Dahua Glass Industrial Co. Ltd,1,1,No. 2 Tiebei Street,Qi County,Qi,China,General Merchandise,Main production Site,49%,51%,Yes,490,Guangzhou
"Shandong Intco Recycling Resources Co., Ltd",1,1,18 Qingtian Rd,[blank],Zibo,China,General Merchandise,Main production Site,43%,57%,Yes,1390,Qingdao
Dongguan Sin Ding Industrial Co. Ltd,1,1,N# 3 Wen Zhu RdWen TangDong Cheng,[blank],Dongguan,China,General Merchandise,Main production Site,39%,61%,Yes,417,Qingdao
(Hengyuan),1,1,Dongdu Road,Linhai County,Taizhou,China,General Merchandise,Main production Site,62%,38%,Yes,383,Qingdao
Yonglian Tableware Factory,1,1,"Jinniutan, Shiqiao village Siqian town",[blank],Guangdong,China,General Merchandise,Main production Site,46%,54%,Yes,166,Qingdao
"Shanxi Hongyi Glassware Co., Ltd.",1,1,XiLIUZHEN VILLAGE,XILIUZHI TOWNSHIP,QIXIAN COUNTY,China,General Merchandise,Main production Site,50%,50%,Yes,356,Qingdao
SHREE KRISHNA IMPEX,1,1,Lakri Fazalpur,Delhi Road,Moradabad,India,General Merchandise,Main production Site,100%,0%,Yes,218,[blank]
Ltd,1,1,Qu Ji Lu 40,Qu Ji Cun Hu Men Zhen,Dongguan,China,General Merchandise,Main production Site,47%,53%,Yes,191,Qingdao
"Better Home Products (Zhejiang) Co.,Ltd No.378",1,1,[blank],Guangming Street,Deqing,China,General Merchandise,Main production Site,46%,54%,Yes,482,Shanghai
Loyal Way Housewares (Yangjiang)Ltd.,1,1,6th Huoda Road,Civil Science and Technology ParkYangjiang of Yangdong China GM Main production Site,[blank],China,General Merchandise,Main production Site,47%,53%,Yes,74,Shanghai
"Shandong Hualin Willow Crafts Co., Ltd. Dananhuangzhuang VillageShizilu Town",1,1,[blank],[blank],Linyi City,China,General Merchandise,Main production Site,63%,38%,Yes,40,Shanghai
"Shandong Jusheng Glass Co., Ltd",1,1,Nanzhuang Village,Yuanquan TownBoshan DistrictZibo,[blank],China,General Merchandise,Main production Site,54%,46%,Yes,287,Shanghai
"SHANDONG LEJIA HOMETEXTILES CO.,LTD.",1,1,WEST HUANGHAI ROADJUNANECONOMIC DEVELOPMENT ZONEJunan,[blank],[blank],China,General Merchandise,Main production Site,11%,89%,Yes,101,Shanghai
Co. Ltd.,1,1,Xieshan,Nuohuo Industrial area,Yangjiang,China,General Merchandise,Main production Site,52%,48%,Yes,64,Shanghai
Stalwart Homestyles,1,1,PLOT 11 – 12,INFOCITY PH II,GURGAON,India,General Merchandise,Main production Site,85%,15%,Yes,233,[blank]
"TEAMWIN ARTS & CRAFTS CO., LTD",1,1,Kangzhuang Road,"Westen industrial district Huanyan,Taizhou ChinaCity GM",[blank],China,General Merchandise,Main production Site,34%,66%,Yes,172,Shanghai
"Tailin Houseware Products Co., Ltd",1,1,Gongfa Industrial Park Heshan TownYangdong CountyYangjiang,[blank],[blank],China,General Merchandise,Main production Site,54%,46%,Yes,41,Shanghai
(Yixianyuan Factory),1,1,"No. 50  DongguanChina City, ChinaGM Main production Site 26% 74% 223 Yes","Weijian Road, Fei''eling, Shangyuan Village, ChashanDongguan Town",Dongguan,China,General Merchandise,Main production Site,26%,74%,Yes,223,Shanghai
Nanfang Brothers Ind Co Ltd of Yangjiang No.1-5 Nanfang IndustrialMayan Road,1,1,[blank],"Industrial Zone, Yangjiang China",[blank],China,General Merchandise,Main production Site,42%,58%,Yes,413,Shanghai
"Dongguan Taiway ShingKee Toys Co., Ltd",1,1,HUANG JIANG VILLAGE,HUANG JIANG TOWN,Dongguan,China,General Merchandise,Main production Site,40%,60%,Yes,1260,Shanghai
Universal Source Ltd.,1,1,Longhe Industrial Park Tianxin VillageHuangjiang TownDongguan,[blank],[blank],China,General Merchandise,Main production Site,66%,34%,Yes,467,Shanghai
Vietnam Housewares Corp Site 1 (Wood),1,1,Binh Phuoc B Commune,Binh Chuan Ward,Thuan An District Vietnam GM,Vietnam,General Merchandise,Main production Site,60%,40%,Yes,418,[blank]
vidrios reciclados san miguel,1,1,Pol. Ind. els Serrans 46812 Aielo de Malferit,[blank],AIELO DE MALFERITSpain,Spain,General Merchandise,Main production Site,66%,34%,Yes,357,[blank]
Wuxi Changfeng Tempered Glass Factory,1,1,Huangniba Village,Yuqi Town,Wuxi,China,General Merchandise,Main production Site,20%,80%,Yes,10,Shanghai
"Wuxi Dragon Balloon Co., Ltd.",1,1,No.9 Jing Fa No. 6 Road Shuo Fang New District,[blank],Wuxi,China,General Merchandise,Main production Site,30%,70%,Yes,66,Shanghai
Limited,1,1,"No. 19, Ji Feng Street No. Shipai4",Town,Dongguan,China,General Merchandise,Main production Site,53%,48%,Yes,80,Shanghai
Ltd,1,1,"No. 19, Ji Feng Street No. Shipai4",town,Dongguan,China,General Merchandise,Main production Site,53%,48%,Yes,80,Shanghai
William Goodacre & Sons India Pvt. Ltd,1,1,XVIII/1146 Revi karunakaranRoad PB no: 4606,[blank],Kerala,India,General Merchandise,Main production Site,89%,11%,Yes,185,[blank]
Wua Han Toys Products Ltd.,1,1,Gaotang Industrial Park Yuancheng Area,[blank],Heyuan,China,General Merchandise,Main production Site,69%,31%,Yes,401,Shanghai
"Hardware Co., Ltd.",1,1,No.38,Yangda Road,Foshan,China,General Merchandise,Main production Site,54%,46%,Yes,1128,Shanghai
"Co.,Ltd.",1,1,No.11.Wusha,Shunpan RoadDaliang St,Foshan,China,General Merchandise,Main production Site,58%,42%,Yes,574,Shanghai
"Shanxi Xinda Technology Co., Ltd.",1,1,149 West,Taifeng Road,Wenxi,China,General Merchandise,Main production Site,42%,58%,Yes,414,Shanghai
"Holdings Co., Ltd - Site 2",1,1,Zhenghe SouthLeliu TownShunde District,[blank],Foshan,China,General Merchandise,Main production Site,58%,42%,Yes,15023,Shanghai
Xiamen Luona Industry & Trade Co Ltd.,1,1,No.50 Jiyin Road,Chengnan Industrial Park,Xiamen,China,General Merchandise,Main production Site,61%,39%,Yes,157,Shanghai
SHANDONG YINFUNG HOMETEXTILE CO. LTD,1,1,NO 35 JiuFa Road,development Zone,Shandong,China,General Merchandise,Main production Site,34%,66%,Yes,221,Shanghai
"YANGJIANG SENWELL MANUFACTURING &TRADING CO., LTD",1,1,No.37,Yongxing 5th.RoadYangdong Yangjiang,[blank],China,General Merchandise,Main production Site,27%,73%,Yes,22,Shanghai
Yunus Textile Mills Ltd. - Unit 03,1,1,Plot 305,Main National Highway,Landhi,Pakistan,General Merchandise,Main production Site,92%,8%,Yes,970,[blank]
Yantai Singrain Hometextiles Co. Ltd.,1,1,"West of East Road, NanbuhouChushan Road, Development ZoneYantai City China GM",[blank],[blank],China,General Merchandise,Main production Site,14%,86%,Yes,66,Shanghai
Yiyang Red Star Ceramics. Ltd.,1,1,300M,East To Yiyang Railway Station Luoyang City China,[blank],China,General Merchandise,Main production Site,34%,66%,Yes,630,Shanghai
Zhongshan Camry Electronic Company Ltd. Baishawan Industrial ParkQiwan Road,1,1,[blank],[blank],Zhongshan,China,General Merchandise,Main production Site,37%,63%,Yes,656,Shanghai
Manufacturing Ltd.,1,1,No.6 Jinwei Road,Jinhe Industrial Area,Dongguan,China,General Merchandise,Main production Site,44%,56%,Yes,294,Shanghai
"Zhongyin (Ningbo) Battery Co., Ltd.",1,1,128 Xingguang Road,Hi-Tech Part,Ningbo,China,General Merchandise,Main production Site,53%,47%,Yes,890,Shanghai
Designco Pvt. Ltd. Wood Unit,1,1,"Lodhipur Rajput,",Delhi Road,Moradabad,India,General Merchandise,Main production Site,100%,0%,Yes,910,[blank]
MSJ,1,1,"No.3,Dongwaihuan",Green Building Material IndustJingmen City China,[blank],China,General Merchandise,Main production Site,59%,41%,Yes,158,Shanghai
"Linhai Deyi Plastic Co.,Ltd.",1,1,"No.17-1,Binhai First AveuneShangpan Town,Linhai City Linhai",[blank],[blank],China,General Merchandise,Main production Site,23%,77%,Yes,70,Shanghai
Danyang Lixin Tourism Articles Co Ltd,1,1,No 248 Changli West RoadHuangtang Town,[blank],Danyang City,China,General Merchandise,Main production Site,36%,64%,Yes,42,Shanghai
"Jiangsu Xinyiyuan Safety Technology Co., Ltd No.159, Keji Road Sanshui Street",1,1,"No. 50  DongguanChina City, ChinaGM Main production Site 26% 74% 223 Yes","Weijian Road, Fei''eling, Shangyuan Village, ChashanDongguan Town",Dongguan,China,General Merchandise,Main production Site,26%,74%,Yes,223,Shanghai
Linyi Jingshi Ceramics Co. Ltd.,1,1,Middle of Luoliu Road Luozhuang Town,[blank],Linyi City,China,General Merchandise,Main production Site,35%,65%,Yes,236,Shanghai
Sumec Excellence Houseware Co Ltd,1,1,"No.1, Houjiang Road,","Chengqiao Town, Luhe",DistrictNanjing,China,General Merchandise,Main production Site,12%,88%,Yes,161,Shanghai
