supplier,sitename,latitude,longitude,address1,address2,address3,city,country,product_type,total_workers,female_worker_percent,male_worker_percent,migrant_workers,workers_committee_or_union,production_processes,exported_from
[blank],"Wenshang County
Jiacheng Garment Ltd",24.90269238,118.7728406,Liulou Village,"Wenshang
County",[blank],Jining,China,Clothing,226,98%,2%,0%,Yes,"Main Production
Site",Shanghai
[blank],VISHNU CLOTHING COMPANY,1,1,S.F. NO.45 VENUS GARDEN,MANGALAM ROAD,ANDIPALAYAM,Tiripur,India,Clothing,175,29%,71%,0%,Yes,Main Production Site,[blank]
[blank],"YANTAI LANGLANG
FASHION LIMITED",25.14099509,119.0649698,"NO.27 HAIXING
ROAD ,",HAIYANG CITY,[blank],Haiyang,China,Clothing,175,59%,41%,29%,Yes,"Main Production
Site",Shanghai
"KDS Fashion
Limited",KDS Fashion Limited,1,1,"KDS Fashion
Limited","253, 254
Nasirabad I/A,",[blank],Chittagong,Bangladesh,Clothing,3800,79%,21%,0%,Yes,"Main Production
Site",[blank]
[blank],CIXI KINGTONG SHOES FACTORY,24.83730849,118.8110592,"No. 281,
Zhangxin North Road",Xiaolin Town,[blank],Cixi,China,Clothing,39,79%,21%,90%,Yes,Main Production Site,Shanghai
[blank],CLIFTON EXPORT PRIVATE LIMITED,1,1,"SF NO
108/3E,Sedapala yam road,","Karaipudhur village,Arulpura
m",[blank],Tirupur,India,Clothing,686,32%,68%,0%,Yes,Main Production Site,[blank]
[blank],"Sihui Weilong Shoes , Co ,
Ltd",25.30073835,117.9287457,"No 3 , Hexi Rd","ZhenShan
District",[blank],Sihui City,China,Clothing,190,88%,12%,5%,Yes,"Main Production
Site",Shanghai
[blank],Hela – Naula,1,1,"Hela Clothing
(pvt) Ltd",Aranagala,[blank],Naula,Sri Lanka,Clothing,653,81%,19%,0%,Yes,"Main Production
Site",[blank]
[blank],Partyime Costume and Lingerie (Yiwu) factory,24.66575223,119.2455531,"No. 251,
Huachuan North Road","Chian Town,",[blank],Yiwu City,China,Clothing,92,48%,52%,92%,Yes,Main Production Site,Shanghai
[blank],L'usine Fashions Ltd,1,1,"Chonnapara,
Sreepur",Gazipur,[blank],Gazipur,Bangladesh,Clothing,948,40%,60%,0%,Yes,"Main Production
Site",[blank]
"Aman
Knittings Ltd",Aman Knittings Ltd,1,1,"Kulashur,
Hemayetpur",Savar,[blank],"Savar, Dhaka",Bangladesh,Clothing,1372,45%,55%,0%,Yes,"Main Production
Site",[blank]
[blank],"Nantong Aike Garment
Company Ltd",24.52850188,118.3471158,"Group 17
Huanchi Village",Jiangan Town,[blank],Rugao City,China,Clothing,148,82%,18%,5%,Yes,"Main Production
Site",Shanghai
[blank],"Progress Apparels
(Bangladesh) Ltd.",1,1,MS-SFB-01 & 02,Adamjee EPZ,Narayanganj,Dhaka,Bangladesh,Clothing,2694,76%,24%,0%,Yes,"Main Production
Site",[blank]
[blank],"Haiyang Yingtong Woollen Sweater Co., Ltd",25.28640675,118.8813717,"No.7 Fangyuan Road, Haiyang",City Shandong Province. China.,[blank],Haiyang,China,Clothing,257,65%,35%,13%,Yes,Main Production Site,Shanghai
[blank],"DINGTAO FITEX APPRAREL
CO,.LTD",24.2630794,119.2110329,"Yantai Industrial
Park",East LuHua Road,"DingTao Town,",Heze,China,Clothing,144,96%,4%,0%,Yes,"Main Production
Site",Shanghai
[blank],"Fuzhou Starrising
Industrial Co Ltd",24.73982602,117.7196876,"No.16 Liang An
Road,",shanggan town,minhou district,Fuzhou,China,Clothing,141,65%,35%,86%,Yes,"Main Production
Site",Shanghai
[blank],"Fuqing Yongxiu shoes
industrial co.,ltd",24.03053527,118.6253325,QiYun village,"Jingyang
Industry",[blank],Fuqing,China,Clothing,400,56%,44%,88%,Yes,"Main Production
Site",Shanghai
[blank],"Quantum Knits (A Unit of
KPR Mill Limited)",1,1,"181,
Kollupalayam",Arasur,[blank],Coimbatore,India,Clothing,4557,89%,11%,0%,Yes,"Main Production
Site",[blank]
[blank],"Fuzhou Jinyi Gold and
Silver Ornaments",24.63084515,118.8518671,"217# Jin Jing
Road",Jingyang Village,"Jingyang Town,
Fuqing",Fuzhou,China,Clothing,61,52%,48%,79%,Yes,"Main Production
Site",Shanghai
[blank],Yat Mei Garment Limited,25.36587961,117.9820967,"No 172 Tangwei
Road","Tangbian
Village, Zengbu",Chashan Town,Donguan,China,Clothing,81,51%,49%,75%,Yes,"Main Production
Site",Shanghai
[blank],Jingjiang Eknit Co LTD,24.78728377,118.9519705,"JINGJIANG EKNIT
CO., LTD.",No. 68-1,"North Third
Ring Road",Jingjiang,China,Clothing,63,86%,14%,3%,Yes,"Main Production
Site",Shanghai
[blank],PEARL APPARELS,1,1,Plot No-585,Sector-37,Pace City-II,Gurgaon,India,Clothing,450,27%,73%,0%,Yes,"Main Production
Site",[blank]
[blank],"Tonglu Rongsheng Knitting Co., Ltd",24.69481656,118.6951715,"No.88 Taixin Road, Tonglu","County, Hangzhou City,","Zhejiang Province, China",Hangzhou,China,Clothing,73,60%,40%,14%,Yes,Main Production Site,Shanghai
[blank],"Kenpark Bangladesh
Apparel Pvt. Ltd. (K-3)",1,1,"35-37,Sector#
03, KEPZ,",Chittagong,KEPZ,chittagong,Bangladesh,Clothing,1404,76%,24%,0%,Yes,"Main Production
Site",[blank]
[blank],"Linkup Textiles Pvt Ltd -
Bangalore",1,1,"72/1, 73/2 B.M
Road","Basavanapura
Village","Ramnagar Tk &
Dt",Bangalore,India,Clothing,340,76%,24%,0%,Yes,"Main Production
Site",[blank]
[blank],"Hangzhou Tianguan Hat Co.,Ltd",24.92748779,118.5400661,"Huyang Chang,Jingshan
Town","Yuhang District,Hangzho
u City","Zhejiang province, China",HANGZHOU,China,Clothing,46,87%,13%,7%,Yes,Main Production Site,Shanghai
[blank],YUEXI YONGRUN SHOES CO LTD,25.16570169,119.407118,The 5th Building of Zhongbao,Lianyun Economic Zone,[blank],Yuexi County,China,Clothing,140,57%,43%,4%,Yes,Main Production Site,Shanghai
[blank],"Jinjiang Xinnanxing Shoes Plastic Manufacturing
Co.,ltd",25.28235478,117.9205892,"No. 33 Nanhu West Road,",Wudai Village,Chendai Town,Jinjiang,China,Clothing,90,50%,50%,96%,Yes,Main Production Site,Shanghai
[blank],Quanzhou Dijixin Textile Technology Co Ltd,24.68336417,118.2192076,Meishan Fengxi Industrial Zone,Fengxi Industrial Zone,[blank],Nan’an,China,Clothing,187,74%,26%,30%,Yes,Main Production Site,Shanghai
[blank],Babylon Garments Ltd.,1,1,"2-B/1, DARUSSALAM
ROAD, MIRPUR","DHAKA, 1216",NA,DHAKA,Bangladesh,Clothing,1985,62%,38%,0%,Yes,Main Production Site,[blank]
[blank],"Design Studio
Manufacturing (Pvt) Limited.",1,1,"Puttalam Road,","Athawa,",[blank],"Awulegama,",Sri Lanka,Clothing,470,87%,13%,0%,Yes,Main Production Site,[blank]
"Aman
Knittings Ltd","Aman Graphics & Designs
Ltd.",1,1,"Nazimnagar,",Hemayetpur,Savar,Dhaka,Bangladesh,Clothing,4212,61%,39%,0%,Yes,"Main Production
Site",[blank]
[blank],Henan Xinghui Shoes Co. Ltd.,24.91962558,119.4576556,"No. 292,
Wenhua Road,","Industrial Agglomeration
Area",Huai Bin Country,Xinyang City,China,Clothing,263,71%,29%,11%,Yes,Main Production Site,Shanghai
[blank],"Superb Textile(Jiashan) Co.,Ltd",25.59866422,118.3658712,"B-Factory No.8Cuckoo Rd,
Dayun","Town, Jiashan County,","Jiaxing City, Zhejiang",Jiaxing,China,Clothing,82,76%,24%,80%,Yes,Main Production Site,Shanghai
[blank],"Feida Socks Knitting
Factory (Shunde) Ltd.",24.48127215,117.6742917,"No.15, Xingtang
Industrial Area",Lun Jiao,Shunde,Foshan,China,Clothing,168,74%,26%,74%,Yes,"Main Production
Site",Shanghai
[blank],"Quang Thai Garment
Manufacture Co., Ltd",1,1,"1185 Highway
1A","Binh Tri Dong B
Ward Quarter 5","Binh Tan
District",Ho Chi Minh,Vietnam,Clothing,320,75%,25%,0%,No,"Main Production
Site",[blank]
[blank],"Jiangmen Pengjiang Region Xinli Garment
Manufacturer Co. Ltd",25.34604973,118.3061088,No. 26 Hua'an Road,Pengjiang District,[blank],Jiangmen,China,Clothing,187,70%,30%,63%,Yes,Main Production Site,Shanghai
[blank],"Frendi Fashions Pvt Ltd(6
Arcot Road)",1,1,"No : 6 Arcot
Road, Porur,","Tamilnadu,
Chennai",[blank],Tamilnadu,India,Clothing,241,73%,27%,0%,Yes,"Main Production
Site",[blank]
[blank],"Huainan Shine Source
Footwear Co., Ltd.",24.77158229,118.8595844,"No.222 Xingye
Road","Industrial
Cluster Zone,","Bagongshan
District",Huai'nan,China,Clothing,419,68%,32%,16%,Yes,"Main Production
Site",Shanghai
[blank],Young Socks Ltd.,1,1,"Sreepur, Ganakbari,
Ashulia",Savar,na,Savar,Bangladesh,Clothing,145,48%,52%,0%,Yes,Main Production Site,[blank]
"MIAMI CLOTHING (PRIVATE)
LIMITED",Miami Clothing (Pvt) Limited - Rathmale,1,1,Kekanadura Road,Rathmale,[blank],Dikwella,Sri Lanka,Clothing,765,78%,22%,0%,No,Main Production Site,[blank]
[blank],"Jay Jay Mills Lanka (Pvt)
Ltd - Expansion Unit III",1,1,"Kumarawatta,","Muppane,",Monaragala.,Monaragala,Sri Lanka,Clothing,794,96%,4%,0%,No,"Main Production
Site",[blank]
[blank],"Guizhou Gaiwach Garment Co., Ltd.",25.29146336,119.3393899,"workshop #5,
Bulding zone #3,","Qixingguan economic development
Community",Wanjiang District,Dongguan,China,Clothing,206,83%,17%,12%,Yes,Main Production Site,Shanghai
[blank],Reza Fashions Limited,1,1,"Gorat, Ashulia,
Savar,",Dhaka – 1341.,[blank],Dhaka,Bangladesh,Clothing,1845,64%,36%,0%,Yes,"Main Production
Site",[blank]
[blank],"Liling Xiyong Garment Co.,ltd",24.3910861,119.0131326,"Floor 5,
standard building#5",A section,"Economic
development zone",Liling,China,Clothing,87,91%,9%,6%,Yes,Main Production Site,Shanghai
[blank],"Rose Sweaters Ltd.(Unit-
2)",1,1,"Vogra, By-Pass
Bishaw Road","Joydebpur,
Gazipur",[blank],Gazipur,Bangladesh,Clothing,1959,35%,65%,0%,Yes,"Main Production
Site",[blank]
[blank],Fortune Syntex Pvt. Ltd,1,1,"C-126, HOSIERY
COMPLEX",PHASE-II,NA,NOIDA,India,Clothing,94,4%,96%,0%,Yes,"Main Production
Site",[blank]
[blank],Interstoff Apparels Ltd.,1,1,"Chandra,
Kaliakoir",Gazipur,Gazipur,Gazipur,Bangladesh,Clothing,4200,47%,53%,0%,Yes,"Main Production
Site",[blank]
[blank],"Goldfame Star Enterprises (Cambodia)
Ltd",1,1,Road #21A,Phum Kampongpring,Sangkat Setbo,Takhmau,Cambodia,Clothing,4651,86%,14%,0%,Yes,Main Production Site,[blank]
[blank],"International Classic
Composite Ltd",1,1,"Naijur, Kodda
Bazar, Gazipur",Gazipur,[blank],Gazipur,Bangladesh,Clothing,2531,48%,52%,0%,Yes,"Main Production
Site",[blank]
[blank],"HRX FASHION CO.,LTD",25.19926631,119.2007372,"Wenshang
County, Jining City",[blank],[blank],JINING,China,Clothing,725,92%,8%,0%,Yes,Main Production Site,Shanghai
[blank],"SINO STAR (MA AN SHAN) HOSIERY CO.,LTD.",24.22913418,118.8385998,"Dangtu Industry Zone,",Maanshan,"Anhui Province, China",Maanshan,China,Clothing,478,81%,19%,21%,Yes,Main Production Site,Ningbo-Zhoushan
[blank],AYTEKS GROUP TEKSTIL SAN. TIC. LTD.STI.,1,1,Köyün kendisi 9100 cad.,No: 40/1 Doganli köyü Merkez,[blank],DUZCE,Turkey,Clothing,241,74%,26%,0%,No,Main Production Site,[blank]
[blank],"PEARL GLOBAL INDUSTRIES LIMITED
(BPK)",1,1,"Khasra No. 15/19-22, HSIIDC",Begumpur khatola,NA,Gurgaon,India,Clothing,938,25%,75%,0%,Yes,Main Production Site,[blank]
[blank],"Changzhou Qianyou
Apparel Factory",24.29482118,118.1522966,"No.1315 Jinsha
Avenue",Jintan District,[blank],"Changzhou
City",China,Clothing,240,86%,14%,23%,Yes,"Main Production
Site",Ningbo-Zhoushan
[blank],Grace Glory (Cambodia) Garment Ltd,1,1,"Prey Kor Village, Lomhach","Commune, Ang Snoul District,","Kandal Province,
Cambodia.",Phnom Penh,Cambodia,Clothing,2619,87%,13%,1%,Yes,Main Production Site,[blank]
[blank],Green Smart Shirts Ltd.,1,1,"Tepirbari,",Mawna,Sreepur,Gazipur,Bangladesh,Clothing,1750,67%,33%,0%,Yes,"Main Production
Site",[blank]
[blank],"The Rajlakshmi Cotton
Mills Pvt Ltd",1,1,"C -107,",Sector 65,[blank],Noida,India,Clothing,311,19%,81%,0%,Yes,"Main Production
Site",[blank]
[blank],"LANKA GARMENTS
MANUFACTURING CO PVT LTD",1,1,NO 14A / 15A,"EXPORT
PROCESSING ZONE",[blank],KOGGALA,Sri Lanka,Clothing,365,75%,25%,0%,Yes,Main Production Site,[blank]
[blank],Klash Pvt.Ltd. Unit 4&5,1,1,"P-25 117 J.B
Near Paharang","Drainage,Milat
Road,Dhanola",[blank],Faisalabad,Pakistan,Clothing,2714,7%,93%,0%,Yes,"Main Production
Site",[blank]
[blank],"Zhangjiagang Athletik Clothing Co.,Ltd",24.45988171,118.253124,"No.15,
Zhongxing Road,",Yangshe Town,[blank],Zhangjiagang,China,Clothing,63,89%,11%,63%,Yes,Main Production Site,Ningbo-Zhoushan
[blank],ANAND TEXTILES LLP UNIT2,1,1,"S.F NO 728, D. NO. 85/33, 34,","35
PANICKAMPALA YAM",PERUNDURAI,ERODE,India,Clothing,0,[blank],[blank],[blank],No,Main Production Site,[blank]
[blank],"Hangzhou Lin'an Aimeite Shoes Co., Ltd",24.38697805,118.804694,"Congkeng
Village, Sankou Town",lin'an,[blank],hangzhou,China,Clothing,85,73%,27%,2%,Yes,Main Production Site,Ningbo-Zhoushan
[blank],"Jiashan Fly Outdoor Product Co.,Ltd",24.49412994,118.9338049,"No 1555
Yangguang West Road",Luoxing Street,Jiashen,Jiaxing,China,Clothing,96,73%,27%,66%,Yes,Main Production Site,Ningbo-Zhoushan
[blank],ASM TRIKO SAN VE TIC LTD STI,1,1,Merkez Mah. Gungoren Cad.,Miray Is Merkezi No:45 Kat:3,Gungoren,Istanbul,Turkey,Clothing,67,57%,43%,0%,No,Subcontractor/P rocessor,[blank]
[blank],Tera Giyim San.ve Tic.Ltd.Sti.(HQ),1,1,"Yakuplu Mah. Beysan
San.Sitesi",Dereboyu Cad. No:35,[blank],Istanbul,Turkey,Clothing,125,52%,48%,0%,No,Main Production Site,[blank]
[blank],"Akademi Tekstil San.ve Tic.A.S.-Beylikduzu
Branch",1,1,Beylikduzu O.S.B.Mh.,Bakir ve Pirinc San.Sit.,"M.Kurtoglu Cd.No:40
Beylikduzu",Istanbul,Turkey,Clothing,410,34%,66%,0%,No,Main Production Site,[blank]
[blank],"Jiangsu Leadtex Animation Creative Co.,
Ltd.",25.38134075,118.8333376,Building 2 No.11 Zhongxing Rd,"Economic Development
Zone",[blank],Zhangjiagang City,China,Clothing,91,73%,27%,58%,Yes,Main Production Site,Ningbo-Zhoushan
[blank],Murat Corap San.ve Tic.A.S.,1,1,"Baglar Mah. Mehmet Akif
Cad.",No:29 Gunesli Bagcilar,[blank],Istanbul,Turkey,Clothing,77,30%,70%,0%,No,Main Production Site,[blank]
[blank],Gisam Tekstil - Ali Domac,1,1,Kazim Karabekir Mah. Kara Sk.,No:38 Kat:2,[blank],Bursa,Turkey,Clothing,84,71%,29%,13%,No,Subcontractor/P rocessor,[blank]
[blank],"Tera Giyim San.ve Tic.Ltd.Sti. - Ordu OSB
Branch",1,1,Karapinar OSB Mah.,"1170 Sk. No:12
Altinordu",[blank],Ordu,Turkey,Clothing,243,64%,36%,0%,No,Main Production Site,[blank]
[blank],TONGLU YAO QIANG GARMENT CO LTD,25.24935439,118.3175715,"No.77
Baiyunyuan Road",Tonglu County,[blank],Hangzhou City,China,Clothing,16,50%,50%,63%,Yes,Main Production Site,Ningbo-Zhoushan
[blank],SMM Tekstil A.S.,1,1,"DEMIRKAPI MAH. INONU
CAD. NO:5",SMM PLAZA BAGCILAR,[blank],Istanbul,Turkey,Clothing,238,57%,43%,2%,No,Main Production Site,[blank]
[blank],"INSTYLE TEKSTIL SAN VE
DIS TIC.LTD.STI",1,1,"GÖZTEPE
MAHALLESI","2374 SOKAK
NO:3",[blank],Istanbul,Turkey,Clothing,128,45%,55%,0%,Yes,"Main Production
Site",[blank]
[blank],"Zhangjiagang Modat Co
Ltd",24.82869611,119.194465,No.32,Zhongxing Road,[blank],"Zhangjiagang
City",China,Clothing,95,73%,27%,24%,Yes,"Main Production
Site",Ningbo-Zhoushan
[blank],AKIN CORAP SAN. VE TIC. A.S.,1,1,"UZUNCAKUM
MEVKII, GÜNEYKÖY",KESAP GIRESUN TURKIYE,[blank],GIRESUN,Turkey,Clothing,824,66%,34%,0%,No,Main Production Site,[blank]
[blank],Dac Design Fashion SRL.,1,1,"715 A Principala Street,Magure",Prahova county,[blank],Magurele commune,Romania,Clothing,77,96%,4%,0%,No,Main Production Site,[blank]
[blank],"INSTYLE TEKSTIL SAN. VE
DIS. TIC. LTD. STI-ESPIYE BRANCH",1,1,ESENTEPE MAHALLESI,GAZI MUSTAFA KEMAL CADDESI,NO:32 ESPIYE,GIRESUN,Turkey,Clothing,96,81%,19%,0%,No,Subcontractor/P rocessor,[blank]
[blank],SMM Tekstil A.S Elazig Branch,1,1,"O.S.B. MAH. EOSB 8. SOK
NO:2",ELAZIG MERKEZ,[blank],ELAZIG,Turkey,Clothing,353,76%,24%,0%,No,Main Production Site,[blank]
[blank],"SAFRAN TEKSTIL KONFEKSIYON SAN. VE
TIC. LTD .STI(Sanliurfa
Branch)",1,1,Kocoren OSB Mah.217 Cad.,"No:4/1-1
Eyyubiye / SANLIURFA",[blank],Sanliurfa,Turkey,Clothing,253,69%,31%,0%,No,Subcontractor/P rocessor,[blank]
[blank],Gamateks Tekstil San. Ve Tic. A.S.(Gurlek Factory),1,1,Gurlek Mah. 606 Sok. No:9-9/1,Honaz/DENIZLI/ TURKEY,[blank],Denizli,Turkey,Clothing,833,72%,28%,0%,No,Main Production Site,[blank]
[blank],"Sew Good Garment Co.
Ltd",1,1,Kul Village,"Kontouk
Commune","Porsenchey
District",Phnom Penh,Cambodia,Clothing,542,65%,35%,0%,Yes,"Main Production
Site",[blank]
[blank],Akademi Tekstil San. Ve Tic. A.S. (Malatya Branch),1,1,2. OSB Mah. 9. Cad. No:9,Yesilyurt/Malaty a,[blank],Malatya,Turkey,Clothing,285,84%,16%,0%,No,Subcontractor/P rocessor,[blank]
[blank],Akkus Tekstil Mardin Branch,1,1,Organize Sanayi Bolge 1.Bulvar,Fikret Guven Cad.19. Sok,"No 11/2 Istansyon
Artuklu",Mardin,Turkey,Clothing,208,37%,63%,0%,Yes,Main Production Site,[blank]
[blank],Azim Tekstil (Avcilar Branch),1,1,Firuzkoy mah. Necip fazil kisa,kurek cad. Dogu sk,"No:9
avcilar/istanbul",Istanbul,Turkey,Clothing,80,65%,35%,0%,No,Main Production Site,[blank]
[blank],Azim Tekstil (Kartal Branch),1,1,"Cumhuriyet Mah. Cetin
Sokak",no:6 kartal/istanbul,[blank],Istanbul,Turkey,Clothing,38,37%,63%,3%,No,Main Production Site,[blank]
[blank],Kamrun Garment Co Ltd.,25.06939136,119.3493412,No. 22 East 1 Road,"Gonglian Commercial
Street",Wan River Zone,Dongguan,China,Clothing,211,76%,24%,67%,No,Main Production Site,Ningbo-Zhoushan
[blank],Safran Tekstil Konfeksiyon San. Ve Tic. Ltd. Sti.,1,1,Organize Sanayi Bolgesi,Sari Cad. 1. Sok. No:3,[blank],Bursa,Turkey,Clothing,271,82%,18%,0%,No,Main Production Site,[blank]
[blank],"Heze Fitex Apparel Co.,
Ltd.",24.92302853,118.383908,"Wanghaotun
Town",Mudan District,[blank],Heze,China,Clothing,150,89%,11%,1%,Yes,"Main Production
Site",Ningbo-Zhoushan
[blank],"Jiangsu Xinghang Glove
Co., Ltd.",25.65944269,118.5310763,"No.90 ,South of
Xichang Street,",Huai'an District,[blank],Huai'an City,China,Clothing,90,90%,10%,0%,Yes,"Main Production
Site",Ningbo-Zhoushan
[blank],"Fujian Teng Long Footwear Co., Ltd",24.51904731,117.9859752,No. 118 Yong Nan Road,Chengmen Investment Zone,Cangshan District,Fuzhou,China,Clothing,971,52%,48%,94%,Yes,Main Production Site,Ningbo-Zhoushan
[blank],"Yangzhou Hanjiang Tongzhou Crafts
Production Co Ltd",24.39176017,118.8070629,"Taiping VillageGongdao
Town",Hanjiang District,[blank],Yangzhou City,China,Clothing,93,76%,24%,8%,Yes,Main Production Site,Ningbo-Zhoushan
[blank],"Wenzhou Jie Li Da Shoes Co., Ltd.",24.10962446,118.7793759,No.8. 99 #,Yandang East Road,Economic Tech. Dev. Zone,Wenzhou,China,Clothing,248,44%,56%,76%,Yes,Main Production Site,Ningbo-Zhoushan
[blank],"Yangzhou Reeshe Garments & Accessories
Co. Ltd",24.98141855,117.6327315,Bldg 2-3# No.8,Liuzhuang RoadWeiyang,"Economical Development
Zone",Yangzhou City,China,Clothing,405,88%,12%,21%,Yes,Main Production Site,Ningbo-Zhoushan
[blank],"Guangdong Zhongli
Footwear Corp., Ltd",24.3131597,118.7675652,"Dongfeng
Industrial Zone",Chao An Country,[blank],Chaozhou,China,Clothing,79,76%,24%,3%,Yes,"Main Production
Site",Ningbo-Zhoushan
[blank],"Link Up Textiles Ltd - Unit
ll, Sipcot",1,1,# C 17 & 18/1,"SIPCOT
Industrial Park",Irrungattukottai,"Sriperumbud
ur Taluk",India,Clothing,850,81%,19%,0%,Yes,"Main Production
Site",[blank]
[blank],ALPIN CORAP SAN VE TIC LTD STI,1,1,"BAKIR VE PIRINCCILER
SANSITESI",MUSTAFA KURTOGLU CAD,NO:18 BEYLIKDUZU,ISTANBUL,Turkey,Clothing,815,45%,55%,0%,No,Main Production Site,[blank]
[blank],"Wenshang Paco Garment
Ltd.",25.62707125,118.3732929,"West No.105
Highway Road","Wenshang
County",[blank],Ji Ning City,China,Clothing,397,93%,7%,0%,Yes,"Main Production
Site",Ningbo-Zhoushan
[blank],Loyal Apparels Ltd.,1,1,403,Kulgaon,"Hathazari RoadJalalabad,
Baizid",Chittagong,Bangladesh,Clothing,1618,76%,24%,0%,Yes,Main Production Site,[blank]
[blank],"Yangzhou Huamao Craftwork Co., Ltd.",25.31589519,117.9081119,No.34 Middie Huangjue Hong,Cheng Road Fangxiang Town,Hanjiang Direct,YangZhou City,China,Clothing,65,91%,9%,6%,Yes,Main Production Site,Ningbo-Zhoushan
[blank],"Gaiwach Garment Co., Ltd",24.78749715,118.3804518,"No.8Huangwuda ngCooperativeSc
ty","Xiangyang Road, Shimei
Community",Wanjiang District,Dongguan,China,Clothing,558,72%,28%,75%,Yes,Main Production Site,Ningbo-Zhoushan
[blank],"International Classic
Composite Ltd.",1,1,Naojur,KoddaJoydevpur,[blank],Gazipur,Bangladesh,Clothing,2531,48%,52%,0%,Yes,"Main Production
Site",[blank]
[blank],"Wenling Mingshi Hat Co.,
Ltd",24.41100036,118.2494737,Niwu Village,Ruoheng Town,[blank],Wenling,China,Clothing,96,71%,29%,2%,Yes,"Main Production
Site",Ningbo-Zhoushan
"AFFLATUS INTERNATION
AL","Afflatus International, Manesar, Plot 10",1,1,Plot# 10,Sector-8,IMT Manesar,Gurgaon,India,Clothing,822,9%,91%,0%,Yes,Main Production Site,[blank]
[blank],"Sam Fashion Co., Ltd",24.13919741,118.4136121,No 58 East Huashi Road and,No 885 Dongyi Road,Longxiang Industrial Zone,Tongxiang,China,Clothing,1148,52%,48%,87%,Yes,Main Production Site,Ningbo-Zhoushan
[blank],Selina Apparels Ltd,1,1,Selina Tower,Islambag,"Hollan RoadDakhshin
Khan",Uttara,Bangladesh,Clothing,3000,60%,40%,0%,Yes,Main Production Site,[blank]
"MIAMI CLOTHING (PRIVATE)
LIMITED",Miami Exports (Private) Ltd - Pitgala,1,1,Pelawatte Road,[blank],[blank],Pitigala,Sri Lanka,Clothing,695,74%,26%,0%,No,Main Production Site,[blank]
[blank],"Golden Prosper Footwear Co., Ltd",1,1,National Road No.4,"Kol
VillageKantuk Commune",Dangkor District,Phnom Penh,Cambodia,Clothing,1102,92%,8%,0%,Yes,Main Production Site,[blank]
[blank],"Huizhou Lai Yu Shoes Co.,
Ltd",24.18671989,119.1629106,Road 4 Haibin,Huangbu Town,Huidong County,Huizhou,China,Clothing,94,45%,55%,90%,Yes,"Main Production
Site",Ningbo-Zhoushan
[blank],"Zhejiang EMF Cosplay Culture Industry CO., LTD",1,1,"No. 568 Xingping
4 Road","Pinghu Economic
Development","Zone,Pinghu County",Jiaxing,China,Clothing,994,80%,20%,29%,Yes,Main Production Site,Ningbo-Zhoushan
[blank],"Yangzhou Hanjiang
Chenggong Shoes Industry Co., Ltd",1,1,No.53,Renmin Road,"Gongdao
TownHanjiang District",Yangzhou City,China,Clothing,86,94%,6%,2%,Yes,Main Production Site,Ningbo-Zhoushan
[blank],Paramount Products Private Ltd.,1,1,B-35,"Hosiery ComplexNoida
Phase II",[blank],Gautam Budh Nagar,India,Clothing,729,34%,66%,0%,Yes,Main Production Site,[blank]
[blank],"Jay Jay Mills Lanka (Pvt)
Ltd",1,1,Block A-6,"Seethawaka
Export","Processing
Zone",Avissawella,Sri Lanka,Clothing,732,82%,18%,0%,Yes,"Main Production
Site",[blank]
[blank],"Wei Nan Hi-Tech District
Minghuang Industrial Co. Ltd",1,1,No. 22,Shiquan RoadHi- Tech District,[blank],Weinan,China,Clothing,369,71%,29%,2%,Yes,Main Production Site,Ningbo-Zhoushan
[blank],Divine Design Ltd.,1,1,41609,BSCIC I/A,"Kalurghat
Chandgaon",Chittagong,Bangladesh,Clothing,1443,70%,30%,0%,Yes,"Main Production
Site",[blank]
[blank],Ammayapper Textiles Pvt Ltd.,1,1,"Sy No 1354 & 1359
Perambakkam","High Road, Gandhipettai",Ulundai (post),Thiruvallur,India,Clothing,1148,49%,51%,0%,Yes,Main Production Site,[blank]
[blank],"Frendi Fashions Pvt Ltd.
(145 Arcot Road)",1,1,145 Arcot Road,Porur,[blank],Chennai,India,Clothing,115,70%,30%,0%,Yes,"Main Production
Site",[blank]
[blank],Taishan Xiangwei Garment Co. Ltd,1,1,No. 88 The Side of Qile,"Village
Community Office",Doushan Town,Taishan,China,Clothing,52,83%,17%,21%,Yes,Main Production Site,Ningbo-Zhoushan
[blank],Superhouse Ltd,1,1,A-3/4,B-4/5/6,"EPIP, Sikandra",Agra,India,Clothing,266,0%,100%,0%,Yes,"Main Production
Site",[blank]
[blank],"ZB Accessories Co., Ltd",1,1,Shuanghu,"Chendong VillageHencun
Town",Tonglu Country,Hangzhou,China,Clothing,57,67%,33%,21%,Yes,Main Production Site,Ningbo-Zhoushan
[blank],Benso Garmenting,1,1,"S.F.No: 321
&311/1 Sri","Muthusamy Gownder
Industrials",Pariyuramman Nagar,Tirupur,India,Clothing,323,50%,50%,0%,Yes,Main Production Site,[blank]
[blank],"ESKISEHIR CORAP VE TEKSTIL SAN.TIC.LTD.STI.
(Murat)",1,1,"ESKISEHIR ORGANIZE
SANAYI","BOLGESI 21.
CADDE NO :6",[blank],ESKISEHIR,Turkey,Clothing,171,16%,84%,0%,No,Main Production Site,[blank]
[blank],NJ Screen Prints Ltd,1,1,Nuffield Road,Harrowbrook Industrial Estate,[blank],Hinckley,United Kingdom,Clothing,181,62%,38%,0%,No,Main Production Site,[blank]
[blank],"HaiYang Topshow Textile Co.,Ltd",1,1,No. 19 Wenzhou Street,Haiyang Industrial Park,[blank],Yantai City,China,Clothing,84,82%,18%,10%,Yes,Main Production Site,Ningbo-Zhoushan
[blank],ARA / Apparel Export Ltd.,1,1,"2/c Darussalum
Road",Mirpur,[blank],Dhaka,Bangladesh,Clothing,1237,64%,36%,0%,Yes,"Main Production
Site",[blank]
[blank],"Wear Well India Pvt. Ltd,
Plot B-43/44",1,1,B-43/44,Hosiery Complex,Phase ll,Noida,India,Clothing,950,33%,67%,0%,Yes,"Main Production
Site",[blank]
[blank],"BONY TEKSTIL
ISLETMELERI SAN. VE TIC. LTD. STI.",1,1,ORGANIZE SANAYI BOLGESI,ATATURK CADDESI,NO : 10-12 CERKEZKOY,Tekirdag,Turkey,Clothing,1573,65%,35%,0%,Yes,Main Production Site,[blank]
"AKH STITCH ART LTD (USD
FOB)",AKH Stitch Art Ltd,1,1,Chandanpur,"Raj FulbariaHemaye
tpur",[blank],Savar,Bangladesh,Clothing,2341,60%,40%,0%,Yes,Main Production Site,[blank]
[blank],"NBG CORAP IMALATI
SANAYI VE TICARET A.S.",1,1,"OSMANGAZI
MAH.","3142.Sk No:2
Esenyurt",[blank],Istanbul,Turkey,Clothing,556,54%,46%,0%,Yes,"Main Production
Site",[blank]
[blank],Carloo Textile,1,1,S.F.No: 312/1 A,Chennimalaipala yam Veerapandi,PostGanapathy palayam Road,Tirupur,India,Clothing,243,46%,54%,0%,Yes,Main Production Site,[blank]
[blank],Ersin Dis Ticaret ve Tekstil San. A.S.,1,1,"HADIMKOY CADDESI NO
35/A",KARAAGACMAH ALLESI,BUYUKCEKMEC E,ISTANBUL,Turkey,Clothing,102,47%,53%,0%,No,Main Production Site,[blank]
[blank],"Dongguan Union Fashion Handbag Co., Ltd.",1,1,"No. 33
Jinyuanxin Road",Shilongkeng,Liaobu Town,Dongguan,China,Clothing,161,58%,42%,58%,Yes,Main Production Site,Ningbo-Zhoushan
[blank],EXEL SOURCING COMPANY,1,1,No. 2/647 A,Venus Garden,"Mangalam RoadAndipalay
am",Tirupur,India,Clothing,469,46%,54%,0%,Yes,Main Production Site,[blank]
[blank],Coast to Coast (Pvt) Ltd,1,1,"Vill: Itahata
Union: Bashon","(Basement,
Ground floor,","2nd-5th floor,
8th floor)",Gazipur,Bangladesh,Clothing,2413,86%,14%,0%,Yes,"Main Production
Site",[blank]
[blank],"Ningbo Shunyi Costume
Co Ltd.",1,1,"No.67 Cishanhe
Road","Chunxiao
Industrial Zone",Beilun Area,Ningbo,China,Clothing,81,69%,31%,89%,Yes,"Main Production
Site",Ningbo-Zhoushan
[blank],"UGUR KONFEKSIYON SAN. TIC. A.S. SAKARYA
BRANCH",1,1,"CAYICI MAH. ASLAN KORPI
SOK.",NO:18 SAPANCA,[blank],SAKARYA,Turkey,Clothing,348,83%,17%,0%,Yes,Main Production Site,[blank]
[blank],Hanadil,1,1,Lot 49,"ZI Massira 1-BP
4317",Temara,Rabat,Morocco,Clothing,448,92%,8%,0%,No,"Main Production
Site",[blank]
[blank],"Cerie (Cambodia)
Garment Co., Ltd",1,1,Chambok Village,Vor Sar Commue,[blank],"Samrong
TongDistrict",Cambodia,Clothing,2468,88%,12%,0%,Yes,"Main Production
Site",[blank]
[blank],"Winsand Garment & Woolen Knitting Factory
Co. Ltd.",1,1,Road No 118A Phum Preak,TouchKhum Preak Dach,Srok Loek Deok,Khet Land,Cambodia,Clothing,398,92%,8%,0%,Yes,Main Production Site,[blank]
[blank],"Agile Sweater Co., Ltd",1,1,"Phum Borey
Kamkor","Sangkat
Chbarmon",[blank],"Krong
Chbarmon",Cambodia,Clothing,1431,73%,27%,2%,Yes,"Main Production
Site",[blank]
[blank],Meditex Industries Ltd,1,1,Plot: 912,"Kashimpur
RoadKonabari",[blank],Gazipur,Bangladesh,Clothing,1250,40%,60%,0%,Yes,"Main Production
Site",[blank]
[blank],"HAZAR TEKSTIL SAN.VE
DIS. TIC. A.S",1,1,"GOZTEPE MAH.
KARANFIL SOK.",NO : 48,BAGCILAR,ISTANBUL,Turkey,Clothing,164,47%,53%,0%,Yes,"Main Production
Site",[blank]
[blank],"Apex International
(Cambodia) Ltd",1,1,"Toul Pongror
Village","Chom Chao
Commune",[blank],"Porsenchey
District",Cambodia,Clothing,810,82%,18%,0%,Yes,"Main Production
Site",[blank]
[blank],"Hengshui Guanyi Leather Products Co., Ltd.",1,1,South of Chuangye Road,Xiyuan Industrial Zone,Gucheng County,Hengshui City,China,Clothing,36,92%,8%,0%,Yes,Main Production Site,Ningbo-Zhoushan
[blank],"PENTI CORAP SAN VE TIC
A.S.(FACILITY 1)",1,1,"TURKGUCU
KOYU ORG","SAN BOLGESI
BULENT ECEVIT","BULVARI NO:8
CORLU",Tekirdag,Turkey,Clothing,597,61%,39%,0%,No,"Main Production
Site",[blank]
[blank],PENTI CORAP SAN VE TIC A.S.(FACILITY 2),1,1,"TURKGUCU
ORG.SANAYI BOLGESI","YILMAZ
ALPARSLAN CAD.",NO:36-38,CORLU,Turkey,Clothing,270,71%,29%,0%,No,Main Production Site,[blank]
[blank],"Royal Classic Mills Ltd -
Unit 7",1,1,"SF NO 2/360A
Classic garden","PeriyandiPalaya
m",[blank],Tirupur,India,Clothing,380,26%,74%,0%,Yes,"Main Production
Site",[blank]
[blank],Hangzhou Tianhui,1,1,FANGBU TOWN,"TONGLU
COUNTY",[blank],HANGZHOU,China,Clothing,58,78%,22%,19%,Yes,"Main Production
Site",Ningbo-Zhoushan
[blank],"Tonglu Hengchang
Clothing Co., Ltd.",1,1,"Shangfeng
Village",Jiuxian Street,Tonglu County,Hangzhou,China,Clothing,71,63%,37%,4%,Yes,"Main Production
Site",Ningbo-Zhoushan
[blank],"Dongyang JOHO Cultural
& Creative Co Ltd",1,1,"Huxi Industrial
Park",Huxi Town,[blank],Dongyang,China,Clothing,34,82%,18%,26%,Yes,"Main Production
Site",Ningbo-Zhoushan
[blank],"Hirdaramani Clothing
(Pvt) Ltd, Mullaitivu",1,1,"Oddusudan
Road","Puthukkuduyirip
pu",[blank],Mullaitivu,Sri Lanka,Clothing,994,77%,23%,0%,Yes,"Main Production
Site",[blank]
"AFFLATUS INTERNATION
AL",Afflatus International No 16,1,1,Plot No 16,Sector-6IMT Manesar,[blank],Gurgaon,India,Clothing,287,11%,89%,0%,Yes,Main Production Site,[blank]
[blank],"Shengzhou Xingbaili Necktie & Garment Co.,
Ltd",1,1,East Area of Shengzhou,"Economy Development
Zone",[blank],Shengzhou,China,Clothing,495,38%,62%,86%,Yes,Main Production Site,Ningbo-Zhoushan
[blank],"Nipa Fashion Wear
Industry Ltd",1,1,"Selina Tower
Islambag",Hollan Road,"Dakhshin Khan,
Uttara",Dhaka,Bangladesh,Clothing,3000,60%,40%,0%,Yes,"Main Production
Site",[blank]
[blank],Cixi Chengxin Shoes,1,1,Qiaotou Town,"Industrial
Development Zone",Cixi,Ningbo,China,Clothing,89,72%,28%,90%,Yes,Main Production Site,Qingdao
[blank],Zhejiang Qingyi Socks,1,1,Anhua Industrial,Zone,[blank],Zhuji,China,Clothing,76,58%,42%,92%,Yes,"Main Production
Site",Qingdao
[blank],SC ANGAR PROD SRL,1,1,2,Garii str.,[blank],"Cehu
Silvaniei",Romania,Clothing,137,89%,11%,0%,Yes,"Main Production
Site",[blank]
[blank],UGUR KONFEKSIYON SANAYI VE TIC A.S,1,1,Muratpasa Mah. Esnaf Sok.,"No:12/1
Bayrampasa",[blank],Istanbul,Turkey,Clothing,766,46%,54%,0%,Yes,Main Production Site,[blank]
[blank],Civic Apparels ltd,1,1,Plot 3,Factory Road,"Shampur,
Kadamtoly",Dhaka,Bangladesh,Clothing,1450,60%,40%,0%,Yes,"Main Production
Site",[blank]
[blank],Bony,1,1,Org San Bolg,"Ataturk CD4 Sok
No","10-12
Cerkezkoy",Tekridag,Turkey,Clothing,1573,65%,35%,0%,Yes,"Main Production
Site",[blank]
[blank],Heze Elegance Fashion,1,1,978 Jinan,Road,[blank],Heze,China,Clothing,775,82%,18%,1%,Yes,"Main Production
Site",Qingdao
[blank],"E Garment Cambodia
Factory",1,1,"Svay Rolom
Commune",[blank],[blank],Saang District,Cambodia,Clothing,2744,93%,7%,1%,Yes,"Main Production
Site",[blank]
[blank],Helicon Ltd,1,1,Plot # 127,"Dhaka EPZ (Old
Area)Ganakbari",Savar,Dhaka,Bangladesh,Clothing,798,49%,51%,0%,Yes,"Main Production
Site",[blank]
[blank],"Kanberogullari
Konfeksiyon San Ve Tic Ltd",1,1,"Cihangir
Mah,Ambarli Dolum",TesisleriYoluSehi tKomandoCavus,"Murat Altintas sk, 15 Avcilar",Istanbul,Turkey,Clothing,79,56%,44%,1%,Yes,Main Production Site,[blank]
"AKH FASHIONS LTD USD FOB
A0324",AKH FASHIONS LTD,1,1,"133-134
Hemayetpur",Savar,[blank],Dhaka,Bangladesh,Clothing,1183,65%,35%,0%,Yes,Main Production Site,[blank]
[blank],Mahdeen Sweaters Ltd.,1,1,Jamirdia,Valuka,[blank],"Mymenshing
h",Bangladesh,Clothing,2009,37%,63%,0%,Yes,"Main Production
Site",[blank]
AKH KNITTING & DYEING LTD(A0238),AKH Knitting & Dyeing Ltd.,1,1,92,Phulbaria,"Tetuljhora, Savar",Dhaka,Bangladesh,Clothing,6990,35%,65%,0%,Yes,Main Production Site,[blank]
[blank],Apex Textile Printing Mills,1,1,Chandora,"Post
ShafipurThana","Kailakoir
District",Gazipur,Bangladesh,Clothing,5396,56%,44%,0%,Yes,"Main Production
Site",[blank]
[blank],Erenko Textiles,1,1,"ERGENE 1 OSB
MISINLI MAH.","SANAYI CAD.
NO:51",[blank],Tekirdag,Turkey,Clothing,106,74%,26%,0%,No,"Main Production
Site",[blank]
"Epic Designs
Ltd FOB USD","Cosmopolitan Industries
PVT Ltd.",1,1,Khejurbagan,"Baro
AshuliaAshulia",[blank],Dhaka,Bangladesh,Clothing,4804,58%,42%,0%,Yes,"Main Production
Site",[blank]
"Echotex Ltd
(USD FOB)",Echotex Ltd,1,1,"Chandra Palli
Biddut",Kaliakoir,[blank],Gazipur,Bangladesh,Clothing,12257,34%,66%,0%,Yes,"Main Production
Site",[blank]
[blank],"Shuyang Dingfeng
Footwear Co., Ltd.",1,1,"Zhangji
Industrial",Zone,[blank],Shuyan,China,Clothing,47,77%,23%,4%,Yes,"Main Production
Site",Qingdao
"Q
COLLECTION",SQ Celsius Ltd.,1,1,Beraiderchala,Keowa,"Maona, Sreepur",Gazipur,Bangladesh,Clothing,3176,36%,64%,0%,Yes,"Main Production
Site",[blank]
"Epic Designs
Ltd FOB USD","Epic Garments
manufacturing Co Ltd",1,1,Plot #11-22,"26-34, Adamjee
EPZ",Shiddhirgonj,Narayanganj,Bangladesh,Clothing,6968,70%,30%,0%,Yes,"Main Production
Site",[blank]
"Q
COLLECTION",SQ Birichina Ltd.,1,1,Jamirdia,"Post Stead
StorePS Valuka",[blank],Mymensingh,Bangladesh,Clothing,6451,71%,29%,0%,Yes,"Main Production
Site",[blank]
[blank],Regency Three Ltd.,1,1,Plot # 13 – 18,Sector – 8CEPZ,[blank],Chittagong,Bangladesh,Clothing,3004,89%,11%,0%,Yes,"Main Production
Site",[blank]
[blank],"South East Textile (Pvt)
Ltd",1,1,Gorai,Mirzapur,[blank],Tangail,Bangladesh,Clothing,3270,47%,53%,0%,Yes,"Main Production
Site",[blank]
[blank],"Zhejiang ShunPu Arts &
Crafts Co.Ltd.,",1,1,"Dongpu
Industrial Zone",Ruoheng Town,[blank],Wenling,China,Clothing,221,71%,29%,21%,Yes,"Main Production
Site",Qingdao
[blank],"Zibo Addisen Maternal and Infants Products
Corp.",1,1,No 1388 Sichou Road,Zhoucun,[blank],Zibo,China,Clothing,171,82%,18%,9%,Yes,Main Production Site,Qingdao
[blank],Choice Clothing - Plot 357,1,1,Plot No 357II,"Udygog Vihar
Phase",Gurgaon,Haryana,India,Clothing,40,8%,93%,0%,Yes,"Main Production
Site",[blank]
[blank],Choice Clothing - Plot 358,1,1,"Plot 358 Udyog
Vihar Phase II",Gurgaon,[blank],Haryana,India,Clothing,67,0%,100%,0%,Yes,"Main Production
Site",[blank]
[blank],Choice Clothing - Plot 332,1,1,332 Udyog Vihar,"Phase II
Gurgaon",[blank],Haryana,India,Clothing,52,17%,83%,0%,Yes,"Main Production
Site",[blank]
[blank],Talisman Ltd,1,1,"Plot # 7-10 & 13-
16","DEPZ Extension
AreaGanakbari",Savar,Dhaka,Bangladesh,Clothing,3579,57%,43%,0%,Yes,"Main Production
Site",[blank]
[blank],Shin Shin Apparels Ltd.,1,1,"Dag # RS228 JL #
73 Gorat","East
Norshinghapur","Zirabo, Savar",Dhaka,Bangladesh,Clothing,1175,70%,30%,0%,Yes,"Main Production
Site",[blank]
[blank],Hop Yick Ltd (Plots 3-7),1,1,SFB # 3-7,Dhaka Export Processing Zone,"Ganakbari, Savar",Dhaka,Bangladesh,Clothing,10224,83%,17%,0%,Yes,Main Production Site,[blank]
[blank],Animal Magic Asia Ltd.,1,1,"No. 50, Weijian
Road, Fei'eling","Shangyuan
Village",Chashan Town,Dongguan,China,Clothing,199,72%,28%,80%,Yes,"Main Production
Site",Qingdao
[blank],Zhejiang Chalet Garments Co.LTD,1,1,"F1-5, No.333,
Jinshan North R","Jindong Industrial Park,",0,Jinhua,China,Clothing,59,61%,39%,87%,Yes,Main Production Site,Qingdao
[blank],"Global Asia Apparel (Cambodia) Co., Ltd.",1,1,"#271, Krom
4,Phlov AnlongKorng","Phum AnlongKorng,","Sangkat
PreySor, Khan Dangkor",Phnom Penh,Cambodia,Clothing,1013,83%,17%,0%,Yes,Main Production Site,[blank]
[blank],Huong Tra Vinatex Garment JSC,1,1,"Lot CN3 Tu Ha Industrial Zone,","Huong Tra District, THua
Thien",0,Hue Province,Vietnam,Clothing,555,73%,27%,0%,Yes,Main Production Site,[blank]
[blank],Phu Tai Linh Service And Trading Limited Company,1,1,"Phu Co hamlet,","Quyet Tien commune,",Tien Lang District,Hai Phong,Vietnam,Clothing,531,74%,26%,0%,Yes,Main Production Site,[blank]
[blank],"LRX Costume Weaving Co
Ltd",1,1,"52 GaoXing
Road",Gao Hao Village,Yingling Town,Jinjiang,China,Clothing,98,50%,50%,93%,Yes,"Main Production
Site",Qingdao
[blank],"Hela Clothing (Pvt.) Ltd –
Thihariya",1,1,"No.875, Rosmier
Estate",Kalagedihena,0,Thihariya,Sri Lanka,Clothing,1120,68%,32%,0%,Yes,"Main Production
Site",[blank]
[blank],"THANH THANH IMPORT EXPORT GARMENT
TRADING CO., LTD",1,1,"260/28A ,Chanh 1 Hamlet",Tan Xuan Commune,Hoc Mon District,Ho Chi Minh,Vietnam,Clothing,201,64%,36%,0%,Yes,Main Production Site,[blank]
[blank],"Dongping Paco Garment
Ltd",1,1,"Small East Gate
Street","Zhoucheng
Street,","Dongping
County",Taian,China,Clothing,275,90%,10%,0%,Yes,"Main Production
Site",Qingdao
[blank],Golden Refit Garments Ltd.,1,1,"589,Chirir
chala(Baghar Bazar)","Bhabanipur, Gazipur.",0,Gazipur,Bangladesh,Clothing,2948,35%,65%,0%,Yes,Main Production Site,[blank]
[blank],"Zhejiang Lianhe Qihua
Knitting Co. Ltd",1,1,"NO 61 DAMO
ROAD YINAN","INDUSTRIAL
PARK YIWU",0,"YI WU ZHE
JIANG",China,Clothing,95,57%,43%,98%,Yes,"Main Production
Site",Shenzhen
[blank],"Kenpark Bangladesh
Apparel Pvt. Ltd. (K-2)",1,1,"Plot No: 69-85,","Sector#03, KEPZ","4204,
Bangladesh.",Chittagong,Bangladesh,Clothing,2930,54%,46%,0%,Yes,"Main Production
Site",[blank]
[blank],"Jiangyin Chaoyu Knitting
Co., Ltd",1,1,"12-8, YUGUN
ROAD","ZHUTANG
TOWN",JIANGYIN,WUXI,China,Clothing,84,55%,45%,80%,Yes,"Main Production
Site",Shenzhen
[blank],"YANCHENG LIFEMAX TEXTILE PRODUCTS CO.,
LTD",1,1,"Industrial Zone, Wuyou Street,","Chengnan New District,
Yanchen","Jiangsu Province, China",Yanchen,China,Clothing,245,88%,12%,0%,Yes,Main Production Site,Shenzhen
[blank],"Mustang Socks &
Accessories",1,1,Plot No 9 & 10,Survey no 33,Village Vevoor,Palghar,India,Clothing,301,40%,60%,0%,Yes,"Subcontractor/P
rocessor",[blank]
[blank],Pratibha Syntex LTD Unit 2,1,1,Plot No 04,"INDUSTRIAL
GROWTH CENTRE",KHEDA,PITHAMPUR,India,Clothing,1469,33%,67%,3%,Yes,Main Production Site,[blank]
[blank],Marand Manf SRL,1,1,"196A Nicolae
Balcescu Bvd",Pitesti,0,Arges,Romania,Clothing,50,96%,4%,0%,Yes,"Main Production
Site",[blank]
[blank],Uniconfex Exim SRL,1,1,25 Crisan Street,Slatina,0,Olt,Romania,Clothing,106,70%,30%,11%,Yes,"Main Production
Site",[blank]
[blank],"BAIJIA (FUJIAN)
UNDERWEAR CO.,LTD.",1,1,"Baijia Industrial
Park",Huahai,Shenhu Town,Jinjiang,China,Clothing,880,54%,46%,68%,Yes,"Main Production
Site",Shenzhen
[blank],Golden Stitch Design Ltd.,1,1,"Rajaghat, Rajfulbaria,Sava
r,",Dhaka,0,Dhaka,Bangladesh,Clothing,1467,62%,38%,0%,Yes,Main Production Site,[blank]
[blank],Plummy Fashions Ltd.,1,1,"North Norshingpur,
Kashipur,","Fatullah, Narayanganj",0,Narayanganj,Bangladesh,Clothing,1598,40%,60%,0%,Yes,Main Production Site,[blank]
[blank],DIKO TEKSTIL DIS TIC. LTD. STI.,1,1,"Zafer Mahallesi
146. Sokak","No: 24 Esenyurt
/ Istanbul",0,ISTANBUL,Turkey,Clothing,198,51%,49%,2%,Yes,Main Production Site,[blank]
[blank],SADAQAT Limited,1,1,"02 KM
Sahianwala Road","Khurrianwala, Faisalabad",Faisalabad,Faisalabad,Pakistan,Clothing,7992,10%,90%,0%,Yes,Main Production Site,[blank]
[blank],"Silver Composite Textile
Mills Ltd. U 1",1,1,"BK Bari, Taltoli,
Mirzapur",Mirzapur,0,Gazipur,Bangladesh,Clothing,3308,68%,32%,0%,Yes,"Main Production
Site",[blank]
[blank],Dekko Garments Ltd.,1,1,"Mawna, Sreepur, Gazipur","Nayanpur, Sreepur, Gazipur",0,Gazipur,Bangladesh,Clothing,2332,77%,23%,0%,Yes,Main Production Site,[blank]
[blank],"Dalian Changjiangli Garments Co., Ltd",1,1,"Yangshufang Zhen Li Jia Cun,","Pulandian district, Dalian","Yangshofang
Zhen Li Jia Cun, P",dalian,China,Clothing,158,72%,28%,33%,Yes,Main Production Site,Shenzhen
[blank],"JIANGSU XINMENGYA SMART TEXTILE CO., LTD",1,1,"No.229 North of Dongxing Road,","ingjiang Economic
Development","Jingjiang City, Jiangsu Provin",Jingjiang,China,Clothing,162,71%,29%,7%,Yes,Main Production Site,Shenzhen
[blank],"Crown Exclusive Wears
Ltd.",1,1,"Mawna,
Sreepur,",Gazipur,0,Gazipur,Bangladesh,Clothing,2377,69%,31%,0%,Yes,"Main Production
Site",[blank]
[blank],"Rongcheng Luli Knitting Co.,ltd",1,1,"Industial Zone of Hushan Town,","Rongcheng,",0,Weihai,China,Clothing,116,79%,21%,34%,Yes,Main Production Site,Shenzhen
[blank],"US Apparel & Textiles Pvt
Ltd (Unit 03 & 04)",1,1,20 KM OFF,"FEROZ PUR
ROAD","GLAXO TOWN
LAHORE",LAHORE,Pakistan,Clothing,4675,4%,96%,0%,Yes,"Main Production
Site",[blank]
[blank],"Guangzhou Yijia leather goods Co.,Ltd",1,1,"3rd Lane,Xinliandon
g 3rd Lane,","Lianhe Village,Shiling
Town,","Huadu District,",Guangzhou,China,Clothing,95,51%,49%,87%,No,Main Production Site,Shenzhen
[blank],"WENZHOU YUANHUA LEATHER CO.,LTD.",1,1,"No 42, Jinyang Road,","JinShanyang Village,","Shuitou Town, Pingyang
County",Wenzhou,China,Clothing,56,57%,43%,29%,Yes,Main Production Site,Shenzhen
[blank],"Xinyi Guotai Huayi
Garment Co., LtdGTIG",1,1,Shao Dian Town,"Shao Dian Town,",0,Xinyi,China,Clothing,153,97%,3%,3%,Yes,"Main Production
Site",Shenzhen
[blank],"Hangzhou Linan Baisheng
Shoes Co Ltd",1,1,"Lingxi Village,
Banqiao Town,","Linan City,
Hangzhou,",0,China,China,Clothing,41,71%,29%,34%,Yes,"Main Production
Site",Shenzhen
[blank],"zaozhuang century
knitwear co.,ltd",1,1,shuiguo town,zaozhuang,shandong,zaozhuang,China,Clothing,86,80%,20%,1%,Yes,"Main Production
Site",Shenzhen
[blank],Liz Fashion industry Limited,1,1,"Bulding-
A,Holding- 1,Block-C","Shaheed
Mosharaf Hossain Road.","Purbo
Chandora, Sofipur",Gazipur,Bangladesh,Clothing,6853,90%,10%,0%,Yes,Main Production Site,[blank]
[blank],Liz Knitting & Printing Industry,1,1,"Bulding-
A,Holding- 1,Block-C","Shaheed
Mosharaf Hossain Road.","Purbo
Chandora, Sofipur",Gazipur,Bangladesh,Clothing,692,33%,67%,0%,Yes,Main Production Site,[blank]
"Aman
Graphics & Designs Ltd.",Aman Graphics & Designs Ltd.,1,1,Nazimnagar,Hemayetpur,Nazimnagar,Savar,Bangladesh,Clothing,4200,60%,40%,0%,Yes,Main Production Site,[blank]
[blank],"Sinoproud(Anhui) Garments Co., Ltd",1,1,"No.83, West Antarctic Road,","Ningguo Development
Zone,","Ningguo,",Xuancheng,China,Clothing,262,78%,22%,8%,No,Main Production Site,Shenzhen
[blank],"Best Trendy Corporation
Ltd",1,1,"No 401, Block A2","Longxin
Industrial Zone","Longgang
District",Shenzhen,China,Clothing,32,53%,47%,88%,No,"Main Production
Site",Shenzhen
[blank],"CB KINGTOP FASHION GARMENT CO.,LTD",1,1,"Phum Khva, Sangkat Dangkor","Phnom Penh, Cambodia",0,PhnomPenh,Cambodia,Clothing,817,82%,18%,0%,Yes,Main Production Site,[blank]
[blank],"Taizhou Zhongyu Shoes Co., Ltd",1,1,"No.63,
Nanshanzha Industrial","Discrict,Chengbe i Street,","Wenling
,TaiZhou,",Zhejiang,China,Clothing,168,86%,14%,77%,Yes,Main Production Site,Shenzhen
[blank],MNR Design Ltd.,1,1,"Baraiderchala,","Sreepur,","House 40 42,
Road 12, Nikunjo",Gazipur,Bangladesh,Clothing,1671,37%,63%,0%,Yes,Main Production Site,[blank]
[blank],Alok Industries Limited,1,1,"Made-up & Garments
Division,","Survey No- 374/2/2, Sayli,",0,Silvassa,India,Clothing,2374,53%,47%,30%,Yes,Main Production Site,[blank]
[blank],Safaa Sweaters Ltd.,1,1,"Begumpur, BokranMonipur","Gazipur Sadar, Gazipur",Bangladesh,Dhaka,Bangladesh,Clothing,2247,66%,34%,0%,Yes,Main Production Site,[blank]
[blank],"Xinghua Kingtop
Headwear Co., Ltd.",1,1,"North of
Changhe Road","Hechen Town
Industrial park",Xinghua,Taizhou,China,Clothing,85,88%,12%,8%,Yes,"Main Production
Site",Guangzhou
[blank],"Shengzhou XingBaiLi Necktie and Garment Co.,
Ltd",1,1,Shaoxing Zhejiang,"East Area of ShengZhou
Economy",0,shaoxing,China,Clothing,499,60%,40%,52%,Yes,Main Production Site,Guangzhou
[blank],"TAIZHOU LINFENG SHOES CO., LTD.",1,1,"No.1-2,Building 13, Phase II",Fenghuangshan Shoe Industry Zo,0,Wenling City,China,Clothing,96,79%,21%,0%,Yes,Main Production Site,Guangzhou
[blank],Atd Triko Sanayi Ve Ticaret Limited Sirketi,1,1,MEHMET NEZIH OZMEN MAH.,"DEFNE SK NO:19/2
GUNGOREN",0,ISTANBUL,Turkey,Clothing,24,33%,67%,0%,Yes,Subcontractor/P rocessor,[blank]
[blank],"Gamma Giyim Ev Tekstili Gida ve Tarim Urunleri San.Tic.A.S. (Dazkiri
Branch)",1,1,"VEHBI KOC SANAYI BOLGESI,","92 SOK, NO:2 DAZKIRI",0,AFYON,Turkey,Clothing,579,66%,34%,0%,No,Main Production Site,[blank]
[blank],"Instyle Moda Tekstil San
Ve Tic Ltd Sti",1,1,"GÖZTEPE
MAHALLESI","2374 SOKAK
NO:3",0,Istanbul,Turkey,Clothing,75,45%,55%,0%,No,"Main Production
Site",[blank]
[blank],"Tera Giyim San ve Tic. A.S -
Fatsa Branch",1,1,"Fatsa OSB Mah.
101 Sok. No:13",Fatsa/Ordu,0,Ordu,Turkey,Clothing,385,56%,44%,0%,Yes,"Subcontractor/P
rocessor",[blank]
[blank],"Beshan Tekstil Ins. San.
Ve Dis. Tic. Ltd. Sti.",1,1,Saray mahallesi,guzelyali caddesi,"no:25
tatvan/bitlis",Bitlis,Turkey,Clothing,265,28%,72%,0%,No,"Main Production
Site",[blank]
[blank],Akkus Tekstil San.Tic. A.S.,1,1,"Cihangir Mah.
Sehit Piyade Er","Yavuz Bahar
Sok.No:19",Avcilar,Istanbul,Turkey,Clothing,111,27%,73%,0%,No,"Main Production
Site",[blank]
[blank],"Yancheng Qinda Garment Co., Ltd",1,1,"No.124-
1(18),Changting Road",Tinghu District,0,Yancheng City,China,Clothing,172,93%,7%,1%,Yes,Main Production Site,Guangzhou
[blank],YA Dilek Tekstil Sanayi Ve Ticaret Ltd. Sti.,1,1,Veysel Karani Mh. 6.Nazli Sk.,"No:48/49
Osmangazi/Burs a",0,Bursa,Turkey,Clothing,179,69%,33%,9%,No,Main Production Site,[blank]
[blank],Adesgo S.A. (Gibor),1,1,220,"Serban Voda Street4th
District",0,Bucharest,Romania,Clothing,116,75%,25%,0%,No,Main Production Site,[blank]
[blank],Gizeta Calze SRL,1,1,Via Francia 7/9,Castel Goffredo,0,Mantova,Italy,Clothing,60,43%,57%,2%,No,"Main Production
Site",[blank]
[blank],"Tonglu Wayland Knitting
Factory",1,1,"No.86 West
Yangtang Road",Jiuxian Industrial,"Development
Zone","Tonglu
Country",China,Clothing,18,67%,33%,17%,Yes,"Main Production
Site",Guangzhou
[blank],Strands International,1,1,194/2,N.S Palya,"Off Bannerghatta
Rd,",Bangalore,India,Clothing,410,79%,21%,0%,Yes,Main Production Site,[blank]
[blank],"Foshan Shunde Xileshun Shoes Co., Ltd",1,1,No 13 Xincheng Community,"South of Longsheng Rd
Leliu Town",Shunde District,Foshan,China,Clothing,230,40%,60%,93%,Yes,Main Production Site,Guangzhou
[blank],Designtex Knitwear Ltd.,1,1,"Beraiderchala,Sr eepur,Gazipur","Beraiderchala,Sr eepur,Gazipur","Beraiderchala,S reepur,Gazipur",Gazipur,Bangladesh,Clothing,"2,626",40%,60%,0%,Yes,Main Production Site,[blank]
[blank],Everbright Sweaters Ltd.,1,1,"Kathgora,Zirabo,
Ashulia,Savar","Kathgora,Zirabo,
Ashulia,Savar",NA,Savar,Bangladesh,Clothing,"1,400",35%,65%,0%,Yes,"Main Production
Site",[blank]
[blank],"Wuhu Huayang Clothing
Group Co., Ltd.",1,1,East Block,"International
Clothing Park",Suncun Town,Wuhu City,China,Clothing,802,79%,21%,0%,Yes,"Main Production
Site",Guangzhou
[blank],Friends Knitting Ltd.,1,1,"1406/1,
Deshipara Road,","Ward#19, South Salna,",0,Gazipur,Bangladesh,Clothing,4303,52%,48%,0%,Yes,Main Production Site,[blank]
[blank],"Green Smart Shirts
Limited",1,1,"Tepirbari,
Sreepur,",Gazipur-1740,0,Gazipur,Bangladesh,Clothing,"1,965",75%,25%,0%,Yes,"Main Production
Site",[blank]
[blank],"Hangzhou Yutu spinning and knitting co.,ltd",1,1,"NO.318 LONGFU ROAD,","HENGCUN TOWN ,TONGLU COUNTY,",0,HANGZHOU CITY,China,Clothing,92,67%,33%,0%,Yes,Main Production Site,Guangzhou
[blank],"KINGTAI KNITTING FTY
LTD",1,1,"NO.129,Four Li
Nan Road",TangXia,0,Dongguan,China,Clothing,96,74%,26%,0%,Yes,"Main Production
Site",Guangzhou
[blank],"Mouchak Knit Composite
Ltd.",1,1,"Mouchak,
Kaliakoir,",Gazipur,0,Gazipur,Bangladesh,Clothing,1590,54%,46%,0%,Yes,"Main Production
Site",[blank]
[blank],Hasan Tanvir Fashion Wears Ltd,1,1,"397 Chandona
Chowrasta Joydebp",Gazipur,0,Gazipur,Bangladesh,Clothing,"1,850",70%,30%,0%,Yes,Main Production Site,[blank]
[blank],Mehnaz Styles & Craft Ltd.,1,1,"Industry Sl no. 56, Ward-6, Tongabari,
Ashulia, Savar",Dhaka 1341,0,Dhaka,Bangladesh,Clothing,"3,800",65%,35%,0%,Yes,Main Production Site,[blank]
[blank],"ICS Excel Manufacturing
SRL - Balti",1,1,PACII 5,BALTI,0,BALTI,Moldova,Clothing,212,91%,9%,0%,No,"Main Production
Site",[blank]
[blank],888 COMPANY LIMITED,1,1,HOP PHUONG HAMLET,QUANG HOP COMMUNE,QUANG XUONG DISTRICT,THANH HOA,Vietnam,Clothing,"1,000",70%,30%,0%,Yes,Main Production Site,[blank]
[blank],GIA LAI GARMENT JOINT STOCK COMPANY,1,1,"LY THAI TO STREET,
SECTION 12,","YEN DO WARD, PLEIKU CITY,",0,Pleiku city,Vietnam,Clothing,592,87%,13%,0%,Yes,Main Production Site,[blank]
[blank],Northern Fashion Limited,1,1,"Plot # 16-18,
Dakhin Panishail","EPZ-Kaliakoir Road,Kashimpur
,","Gazipur, Bangladesh",Gazipur,Bangladesh,Clothing,"1,401",44%,56%,0%,Yes,Main Production Site,[blank]
[blank],"Zhejiang Shengqi Clothes
Co., Ltd",1,1,"Biyu Industrial
Zone, Yaojiang","Shaoxing City,
Zhejiang Provi",N/A,Shaoxing,China,Clothing,237,66%,34%,0%,Yes,"Main Production
Site",Guangzhou
[blank],ChaoFan Clothes Ltd,1,1,"No.259.Sufu Road,Suxi Town",Yiwu City,0,Zhejiang,China,Clothing,604,55%,45%,95%,Yes,Main Production Site,Guangzhou
[blank],"JH Garment (Cambodia)
Co., Ltd",1,1,"Phum Damnak
Thom 3,",Sangkat St,0,"Khan
Meanchey,",Cambodia,Clothing,"1,093",72%,28%,0%,Yes,"Main Production
Site",[blank]
[blank],"SKYWORTH FASHION (CAMBODIA) CO., LTD.",1,1,"Building D, Veng Sreng Street",Domnak Thom 2 Sangkat Steung,Meanchey 3,Khan Meanchey,Cambodia,Clothing,709,72%,28%,3%,Yes,Main Production Site,[blank]
[blank],GLOBAL ATTIRE LTD,1,1,"Khejurtek, Mirza
Nagar","P.O. Savar
Cantonment,",UP-Pathalia,Dhaka,Bangladesh,Clothing,"2,925",39%,61%,0%,Yes,"Main Production
Site",[blank]
[blank],Essential Clothing Limited,1,1,"Akulichala Sakashor,
Maddhapar",Kaliakoir Gazipur,0,Dhaka,Bangladesh,Clothing,"1,050",40%,60%,0%,Yes,Main Production Site,[blank]
[blank],"Indochine Apparel
(Cambodia) Ltd",1,1,"Prey Chas
Village","Vihea Sour
District","Kandal,
Cambodia",Kandal,Cambodia,Clothing,1913,93%,7%,0%,Yes,"Main Production
Site",[blank]
[blank],Indochine Apparel Co Ltd,1,1,"No. 769
Changhong East Street",Wukang Town,Deqing County,Huzhou,China,Clothing,180,89%,11%,0%,Yes,Main Production Site,Guangzhou
[blank],"Wenzhou MingYue Shoes
Industry Ltd",1,1,"No.780 Yuteng
Road,","Tengqiao Town,",0,"Wenzhou
City",China,Clothing,218,49%,51%,90%,Yes,"Main Production
Site",Guangzhou
[blank],Varshini Export Branch,1,1,"SF# 80/2A-
1A,Uppilipalaya mRoad","Arulpuram (PO), Palladam (TK),",0,Tirupur,India,Clothing,443,34%,66%,20%,Yes,Main Production Site,[blank]
[blank],Mastrade,1,1,"Helal Complex
Plot72 Bypass",Mogarkhal,0,Gazipur,Bangladesh,Clothing,"2,400",60%,40%,0%,Yes,"Main Production
Site",[blank]
[blank],SC Romanita SA,1,1,"2, Vornicu
Ureche  Street,","Caracal, Olt",0,Caracal,Romania,Clothing,395,92%,8%,0%,Yes,"Main Production
Site",[blank]
[blank],"SIMPLYTEX
MANUFACTURING",1,1,"352 Gheroge
Grigore","Cantacuzino
Street",0,Ploiesti,Romania,Clothing,346,94%,6%,0%,Yes,"Main Production
Site",[blank]
[blank],YNS TESKTIL CMT,1,1,"CUMHURIYET
MH","ESKI E5 YOLU
CD.",NO:24,KIRKLARELI,Turkey,Clothing,246,82%,18%,0%,No,"Main Production
Site",[blank]
[blank],"Hangzhou Yongrun Shoes
Co. Ltd",1,1,"No. 483, Zhenpu
Road",Puyang Town,"Xiaoshan
District","Hangzhou
City",China,Clothing,205,63%,37%,68%,Yes,"Main Production
Site",Guangzhou
[blank],Red Box LK,1,1,Urubokka Road,Katuwana,0,Middeniya,Sri Lanka,Clothing,294,90%,10%,0%,Yes,"Main Production
Site",[blank]
[blank],"Jade Sun Garment
(Cambodia) Co., Ltd",1,1,"No.1, Street
104CC.,","Toul Pongro
Village,","Sangkat Chom
Chao,","Khan Por Sen
chey",Cambodia,Clothing,"1,501",78%,22%,0%,Yes,"Main Production
Site",[blank]
[blank],"TAIZHOUSHI HENGYI
SHOES CO., LTD.",1,1,"YANGHE
VILLAGE,","CHENGDONG
STREET",Wenling City,Taizhou,China,Clothing,356,47%,53%,0%,Yes,"Main Production
Site",Guangzhou
[blank],"K.C Bottom & Shirt Wear
Company",1,1,"K.C Industrial
Park, Ratuti,","Kachkura, Dhaka",0,Dhaka,Bangladesh,Clothing,"2,150",60%,40%,0%,Yes,"Main Production
Site",[blank]
[blank],Mascot Fashions Ltd,1,1,"146, Dewan Idris Road , Zirabo","Ashulia, Dhaka",0,Dhaka,Bangladesh,Clothing,782,60%,40%,0%,Yes,Main Production Site,[blank]
[blank],Mascot Garments Ltd,1,1,"146, Dewan Idris Road , Zirabo","Ashulia, Dhaka",0,Dhaka,Bangladesh,Clothing,"1,750",60%,40%,0%,Yes,Main Production Site,[blank]
[blank],Mascot Knits Ltd.,1,1,"146, Dewan Idris Road , Zirabo","Ashulia, Dhaka","Goshbag (Itakhola Bus
stand) T",Dhaka,Bangladesh,Clothing,590,60%,40%,0%,Yes,Main Production Site,[blank]
[blank],"Madinaple Fashions Craft
Limited",1,1,"Ward: 07,
Holding:E-44/1","Chandra,Kaliakoi
r,Gazipur",NA,Gazipur,Bangladesh,Clothing,2089,40%,60%,0%,Yes,"Main Production
Site",[blank]
[blank],"Fuzhou Dongshan
Deminghua Shoes Ltd",1,1,"Tianfu Village
Industrial Area",Luozhou Town,"Cangshan
District",Fuzhou,China,Clothing,85,51%,49%,0%,Yes,"Main Production
Site",Guangzhou
[blank],"Continental Garments
Ind. (Pvt.) Ltd.",1,1,"8, Dewan Idris
Road","Boro
Rangamatia",Ashulia,Savar,Bangladesh,Clothing,"1,800",75%,25%,0%,Yes,"Main Production
Site",[blank]
[blank],"TNG Fashion Branch - TNG Investment and Trading Joint Stock
Company",1,1,"No 434/1, Bac Kan Street,",Hoan,0,Thai Nguyen,Vietnam,Clothing,401,80%,20%,0%,Yes,Main Production Site,[blank]
[blank],"Anhui Siyi Gloves Co., Ltd.",1,1,"Chengdong,Dev elopment Zone,","Jing County,Xuanche
ng, Anhui",0,Jing County,China,Clothing,63,79%,21%,0%,Yes,Main Production Site,Guangzhou
[blank],Nur Yapi Tekstil San. Ve Tic. Ltd. Sti,1,1,SIRINTEPE MAH. 120 SOK.,"NUR TEKSTIL
NO:34 GUROYMAK",BITLIS,BITLIS,Turkey,Clothing,628,51%,49%,0%,No,Main Production Site,[blank]
[blank],Bafra Blue Denim Tekstil San. Ve Dis. Tic. Ltd. Sti.,1,1,Dogankaya Mah.Osb 1. Cad.,No:11/1 Bafra / Samsun,0,Samsun,Turkey,Clothing,352,58%,42%,0%,No,Main Production Site,[blank]
[blank],"Yiwu Mascots Cosplay
Culture Development Co.,Ltd",1,1,"1-5 Floor,2nd Buiilding of",Zhejiang Jiaohai Investment Co,Choujiang Street,Yiwu City,China,Clothing,50,70%,30%,0%,Yes,Main Production Site,Guangzhou
[blank],Ro-yal Corap Tekstil San.Tic.Ltd.Sti.,1,1,"KIRKLARELI OSB
8.  BULVAR NO:9",KIZILCIKDERE MEVKII,MERKEZ/ KIRKLARELI,Kirklareli,Turkey,Clothing,142,86%,14%,0%,No,Main Production Site,[blank]
[blank],Alpha Textile Free Zone,1,1,Public Free Zone Block no: 800,Amerya Alexandria,0,Alexandria,Egypt,Clothing,714,59%,41%,0%,Yes,Main Production Site,[blank]
[blank],"Ideateks Moda ve Konf. San. Dis Tic. A.S. - Avcilar
Branch",1,1,Firuzkoy Mh. Firuzkoy Bul.,No:162 Avcilar / Istanbul,0,Istanbul,Turkey,Clothing,94,53%,47%,0%,No,Main Production Site,[blank]
[blank],"Beks Corap ve Ic Giyim
San.ve Tic.A.S.",1,1,"COSB, Karaagac
Mah. Fatih Bulv",No:30 Kapakli,0,Tekirdag,Turkey,Clothing,884,40%,60%,0%,Yes,"Main Production
Site",[blank]
[blank],PINALDI TEKSTIL KONFEKSIYON SAN,1,1,BARTIN ORGANIZE SANAYI BOLGESI,MAH ATATURK CD.,NO:8,BARTIN,Turkey,Clothing,383,75%,25%,0%,No,Main Production Site,[blank]
[blank],Safran Tekstil Balikesir Branch,1,1,"GAZIOSMANPAS A OSB MAH. 8
CAD.",NO: 9 IC KAPI NO: A ALTIEYLUL,0,BALIKESIR,Turkey,Clothing,181,86%,14%,0%,No,Main Production Site,[blank]
[blank],"HaiYang Grandvision Textile Co.,Ltd",1,1,No. 19 Wenzhou Street,Haiyang Industrial Park,0,Yantai City,China,Clothing,98,71%,29%,0%,Yes,Main Production Site,Guangzhou
[blank],ASK Clothing Company,1,1,Public Free,Zone- Amerya,0,Alexandria,Egypt,Clothing,640,62%,38%,0%,No,"Main Production
Site",[blank]
[blank],Hop Yick Ltd (Plots 3-6),1,1,SFB # 3-6,Dhaka Export Processing Zone,"Ganakbari, Savar",Dhaka,Bangladesh,Clothing,"3,891",82%,18%,0%,Yes,Main Production Site,[blank]
[blank],AMMAYAPPER TEXTILES PVT LTD,1,1,"S.NO - 665/2-4 , 665/6-12","ARAKONAM
THIRUTANI MAIN ROAD","ARAKONAM TK
, VELLORE DIST",VELLORE,India,Clothing,850,79%,21%,0%,Yes,Main Production Site,[blank]
[blank],"THE RAJLAKSHMI COTTON
MILLS PVT LTD.",1,1,"S-2/1-2, EPIP,
SITE- V, ,KASNA","GREATER
NOIDA,",0,"GREATER
NOIDA",India,Clothing,900,16%,84%,11%,Yes,"Main Production
Site",[blank]
[blank],MAF Clothing Pvt Ltd. UNIT 3,1,1,"Sy No. 59/3 & 59/4,","Near KB Cross, Rajathadripura,","Tiptur Taluk, Tumkur District",Tiptur,India,Clothing,"2,227",74%,26%,0%,Yes,Main Production Site,[blank]
[blank],BMS Clothing,1,1,"1435 AVENUE
ABOU BAKR ESSEDIK","ZONE
INDUSTRIELLE HAY ERRAHMA",N/A,SALE,Morocco,Clothing,172,81%,19%,0%,Yes,Main Production Site,[blank]
[blank],Nam&Co London,1,1,"Dong Huong IZ,","Dong Huong
ward",Kim Son district,Ninh Binh,Vietnam,Clothing,700,80%,20%,0%,Yes,"Main Production
Site",[blank]
[blank],Trouser Line Ltd.,1,1,"Goshbag
(Itkhola Bus Stand),",Toyubpur,0,Ashulia,Bangladesh,Clothing,"1,400",56%,44%,0%,Yes,Main Production Site,[blank]
[blank],Ventura (Bangladesh) Ltd.,1,1,"Plot: 65-69,
Sector 02","KEPZ, North
Patenga",N/A,Chittagong,Bangladesh,Clothing,"2,835",72%,28%,0%,Yes,"Main Production
Site",[blank]
[blank],"Sunicon (Cambodia) Apparel Co.,Ltd.",1,1,"Phum Phsar Kambol,","Sangkat Kambol, Khan Dangkor","Phnom Penh,",Phnom Penh,Cambodia,Clothing,765,74%,26%,1%,Yes,Main Production Site,[blank]
[blank],Poppys Knitwear Private Ltd Unit VI,1,1,"SF NO 27 MEENAKTCHI
VALASU",MARUDAIYAM VALASU POST,KANDAIYAN KOVIL VILLAGE,TIRUPUR,India,Clothing,"2,142",49%,51%,0%,Yes,Main Production Site,[blank]
[blank],"Pujiang Cap Fashion Co.,
LTD",1,1,"#218 Xingbi
Road,",Pujiang Town,0,Jinghua City,China,Clothing,94,64%,36%,0%,Yes,"Main Production
Site",Guangzhou
[blank],"Jiangmen Jianli Garment Co., Ltd.",1,1,"Workshop No. 47, Haitanwei","Zhoujun Village, Tangxia Town",Pengjiang District,Jiangmen,China,Clothing,85,66%,34%,0%,Yes,Main Production Site,Guangzhou
[blank],Ayesha Clothing Co. Ltd.,1,1,"Bangobondhu Road, Tonga
Bari","Ashulia, Savar",Savar,Dhaka,Bangladesh,clothing,"1,171",48%,52%,0%,Yes,Main Production Site,[blank]
[blank],"LIANSHUI GUOSHENG GARMENT CO.,LTD",1,1,"2 Building, Huaian Lianshui","Economic
Develop&Innova tion",Entrepreneursh ip Zone,Huaian,China,Clothing,450,87%,13%,1%,Yes,Main Production Site,Guangzhou
[blank],Pandora Sweaters Ltd.,1,1,"Gilar Chala,
Masterbari","Sreepur, Gazipur",n/a,Gazipur,Bangladesh,Clothing,"1,850",40%,60%,0%,Yes,"Main Production
Site",[blank]
[blank],Belamy Textiles Ltd.,1,1,"Khowaz Nagar,
Azimpara,",Karnafully,N/A,Chittagong,Bangladesh,Clothing,"2,557",66%,34%,0%,Yes,"Main Production
Site",[blank]
[blank],"Signet Garments Private
Limited",1,1,"A5,A6, Sec A1,
Tronica city",0,NA,"Loni
Ghaziabad",India,Clothing,245,26%,74%,0%,Yes,"Main Production
Site",[blank]
[blank],Renaissance Barind Ltd.,1,1,"PLOT:63-68 AND 72-77(2ND
PHASE",ISHWARDI EPZ,"PAKSHEY, PABNA,
BANGLADESH.",PABNA,Bangladesh,Clothing,"3,550",80%,20%,0%,Yes,Main Production Site,[blank]
[blank],S M Knitwears LTD.,1,1,"SHIRIRCHALA,
BHABANIPUR,",GAZIPUR,NA,GAZIPUR,Bangladesh,Clothing,"7,300",45%,55%,0%,Yes,"Main Production
Site",[blank]
[blank],"JINING AISI GARMENT CO., LTD",1,1,"Middle of Shiji Road,  Wenshan","Jining, Shandong",0,Jining,China,Clothing,760,90%,10%,0%,Yes,Main Production Site,Guangzhou
[blank],PARC DESIGNS PVT. LTD.,1,1,"A-15, SECTOR-
83, NOIDA","A-15, SECTOR-
83, NOIDA",N.A,NOIDA,India,Clothing,778,25%,75%,0%,Yes,"Main Production
Site",[blank]
